name,t_serve_total,t_serve_won,t_receive_total,t_receive_won,1_serve_total,1_serve_won,1_receive_total,1_receive_won,2_serve_total,2_serve_won,2_receive_total,2_receive_won,3_serve_total,3_serve_won,3_receive_total,3_receive_won,4_serve_total,4_serve_won,4_receive_total,4_receive_won,5_serve_total,5_serve_won,5_receive_total,5_receive_won,6_serve_total,6_serve_won,6_receive_total,6_receive_won,7_serve_total,7_serve_won,7_receive_total,7_receive_won,8_serve_total,8_serve_won,8_receive_total,8_receive_won,9_serve_total,9_serve_won,9_receive_total,9_receive_won,10_serve_total,10_serve_won,10_receive_total,10_receive_won,11_serve_total,11_serve_won,11_receive_total,11_receive_won,12_serve_total,12_serve_won,12_receive_total,12_receive_won,13_serve_total,13_serve_won,13_receive_total,13_receive_won,14_serve_total,14_serve_won,14_receive_total,14_receive_won,15_serve_total,15_serve_won,15_receive_total,15_receive_won,16_serve_total,16_serve_won,16_receive_total,16_receive_won,17_serve_total,17_serve_won,17_receive_total,17_receive_won,18_serve_total,18_serve_won,18_receive_total,18_receive_won
Juan Martin Del Potro,140,87,140,56,487,335,492,204,335,226,288,89,152,105,204,87,226,158,199,79,214,140,206,59,47,34,87,35,158,101,120,33,208,139,226,88,108,76,111,52,13,9,35,21,196,132,171,49,145,94,147,55,41,27,66,34,158,111,141,48,78,43,87,29,161,103,204,86,103,70,118,48,58,38,86,36
Flavio Cipolla,5,1,6,3,42,22,42,15,22,13,27,8,20,9,15,6,13,9,19,8,18,12,17,7,11,5,6,2,9,6,11,2,16,6,18,5,11,6,11,3,6,2,2,0,9,6,15,7,16,9,13,5,7,4,5,1,12,9,15,4,11,2,9,3,7,4,24,7,4,3,17,8,3,1,7,1
Radek Stepanek,13,7,13,6,124,76,129,40,76,50,89,32,48,23,40,15,50,33,57,21,49,23,57,20,25,14,14,6,33,22,36,7,40,26,58,21,40,23,28,12,11,8,6,2,37,25,44,19,37,24,37,13,25,12,16,6,36,21,43,14,25,14,23,4,61,37,63,18,37,18,45,17,24,13,18,5
Fernando Verdasco,51,37,52,22,348,223,347,108,223,145,239,87,125,88,109,50,145,96,152,48,166,92,146,50,37,23,50,13,96,67,104,38,141,92,144,37,97,59,87,32,14,9,13,7,121,86,145,56,108,68,92,34,47,29,38,20,103,65,114,48,69,48,52,25,171,105,143,62,105,64,81,33,66,44,62,27
Andy Murray,134,95,133,64,829,556,813,354,556,365,459,184,273,165,354,155,365,244,275,113,356,231,382,181,108,66,155,71,244,163,162,69,352,228,314,129,191,118,265,126,42,28,71,31,309,201,254,104,242,158,268,110,101,65,166,70,266,184,262,122,149,101,206,91,323,206,461,206,206,137,255,104,117,71,206,86
Daniel Gimeno-Traver,0,0,0,0,15,6,16,5,6,2,11,3,9,6,5,0,2,0,8,0,10,3,8,0,3,2,0,0,0,0,8,2,5,3,8,3,9,5,0,0,1,0,0,0,3,3,7,1,7,4,3,1,4,2,0,0,4,1,3,1,5,3,1,0,9,4,3,2,4,4,1,0,5,3,2,1
Ivan Ljubicic,47,30,44,20,169,107,170,56,107,68,114,31,62,34,56,20,68,50,83,28,73,56,67,24,28,17,20,10,50,33,54,14,74,56,71,24,34,22,34,16,11,6,10,7,73,51,61,21,40,29,42,10,18,14,19,8,51,35,53,16,25,15,21,8,59,35,51,21,35,22,30,10,24,15,21,9
Marin Cilic,71,40,74,28,335,213,330,129,213,145,201,76,122,81,129,53,145,103,125,45,149,91,152,59,41,28,53,21,103,73,80,23,133,75,138,66,86,51,91,30,13,9,21,11,105,75,95,27,109,76,127,45,44,25,40,17,106,79,109,45,58,42,68,24,118,70,156,52,70,51,104,35,48,30,52,20
Ivo Karlovic,38,28,37,12,107,72,108,24,72,54,84,20,35,24,24,6,54,31,64,18,42,25,38,6,11,10,6,1,31,25,46,14,47,29,50,18,27,17,11,4,1,1,1,1,35,27,46,11,35,27,25,7,11,9,4,2,35,22,29,10,17,12,9,2,47,26,23,9,26,14,14,1,21,10,9,4
Janko Tipsarevic,58,40,57,18,361,231,363,149,231,155,214,80,130,85,149,59,155,112,134,43,161,99,170,62,45,33,59,20,112,72,91,27,142,102,150,59,94,55,101,39,12,6,20,10,142,99,118,36,95,71,121,38,45,28,49,22,114,81,119,53,52,32,65,26,119,79,183,74,79,48,109,43,40,23,74,26
Andreas Beck,7,3,7,3,29,13,29,12,13,8,17,8,16,8,12,3,8,5,9,4,13,9,17,2,8,4,3,1,5,3,5,2,12,6,19,7,8,7,4,1,4,3,1,0,8,3,14,1,13,8,10,3,4,3,2,0,13,7,8,0,8,4,5,1,13,11,6,1,11,8,5,1,2,0,1,0
Andy Roddick,66,48,64,27,336,233,330,111,233,157,219,73,103,75,111,45,157,114,146,51,151,114,139,56,28,20,45,22,114,86,95,24,157,102,134,50,57,41,79,32,8,4,22,12,130,106,108,37,96,63,97,29,20,14,42,19,87,56,105,27,47,31,52,20,114,78,97,40,78,51,57,17,36,25,40,19
David Ferrer,121,81,123,40,615,420,608,248,420,292,360,161,195,119,248,110,292,205,199,72,247,167,299,128,76,44,110,41,205,146,127,48,254,174,243,101,124,77,197,93,32,15,41,15,233,162,190,70,157,112,205,84,62,40,119,55,183,115,191,81,85,55,148,70,224,159,305,111,159,100,194,87,65,42,111,52
Benoit Paire,37,24,39,15,148,95,147,48,95,43,99,36,53,26,48,23,43,26,63,21,78,41,61,21,27,14,23,8,26,10,42,15,58,32,61,21,51,28,36,12,13,5,8,4,48,26,55,12,54,33,45,17,28,20,16,5,55,33,40,19,41,17,28,10,79,46,74,26,46,27,48,21,33,21,26,10
John Isner,149,123,151,47,419,280,410,138,280,195,272,94,139,94,138,37,195,141,178,49,179,119,195,54,45,30,37,10,141,99,129,34,173,113,190,57,90,62,81,25,15,11,10,6,155,117,167,33,122,92,113,36,39,29,29,7,130,98,110,36,59,44,58,24,112,88,108,26,88,65,82,18,24,13,26,6
Nicolas Mahut,37,24,38,12,155,95,154,46,95,56,108,34,60,40,46,14,56,33,74,20,79,43,66,21,20,12,14,6,33,22,54,17,66,33,65,20,47,28,29,12,8,2,6,2,44,31,62,20,61,37,37,12,21,12,16,8,50,29,45,20,36,23,20,7,90,56,60,29,56,29,31,11,34,19,29,13
Mikhail Kukushkin,4,2,6,0,87,47,87,32,47,30,55,20,40,23,32,13,30,22,35,13,40,24,39,14,17,11,13,9,22,14,22,4,32,17,38,17,27,10,18,9,6,4,9,4,25,13,25,9,25,14,26,12,21,9,14,4,26,18,23,3,20,10,22,7,32,21,28,9,21,14,19,5,11,7,9,4
Roger Federer,108,75,106,36,765,552,742,305,552,411,437,180,214,142,305,130,411,303,257,111,283,204,355,138,72,48,130,64,303,220,146,57,312,197,328,134,127,83,204,81,24,14,64,25,280,195,251,98,198,135,257,93,58,40,120,50,220,163,262,113,103,62,163,73,212,155,402,184,155,99,218,97,57,37,184,82
Robin Soderling,33,21,33,13,200,138,196,65,138,89,131,42,62,34,65,29,89,59,89,28,83,61,78,28,28,21,29,10,59,36,61,24,91,60,78,32,43,30,47,21,7,3,10,6,83,53,70,29,61,43,58,22,16,8,25,13,73,53,65,21,26,16,34,18,70,37,76,34,37,25,42,21,33,22,34,16
Philipp Petzschner,11,8,11,4,169,107,173,61,107,67,112,43,62,36,61,21,67,49,69,25,76,48,83,24,26,19,21,4,49,34,44,15,66,34,84,34,47,26,41,21,7,5,4,1,49,37,65,22,58,40,54,21,26,13,24,7,52,25,55,18,31,18,38,12,66,38,83,32,38,30,51,16,28,13,32,9
Kei Nishikori,52,32,53,21,245,151,251,107,151,94,144,62,94,61,107,48,94,51,82,36,118,81,121,51,33,17,48,17,51,32,45,14,124,76,106,45,54,33,82,33,16,8,17,9,95,64,75,25,81,48,94,40,29,17,41,13,79,46,79,32,50,32,68,23,120,68,149,55,68,43,94,42,52,30,55,25
Lleyton Hewitt,61,35,62,24,245,159,248,92,159,88,156,58,86,57,92,35,88,52,98,38,128,87,115,43,29,19,35,10,52,33,60,19,123,74,110,37,60,35,68,25,10,3,10,2,93,56,92,23,84,56,80,28,28,18,33,11,93,56,75,25,46,31,50,25,126,88,100,41,88,51,59,20,38,21,41,11
Ernests Gulbis,45,34,45,12,111,71,113,40,71,45,73,29,40,21,40,13,45,30,44,17,47,32,56,17,19,14,13,4,30,23,27,11,47,32,56,13,29,22,26,11,5,3,4,1,39,27,54,17,37,25,28,12,10,6,14,5,37,24,33,9,18,15,21,5,47,30,42,17,30,21,25,3,17,10,17,3
Dmitry Tursunov,27,22,27,5,57,36,56,20,36,24,36,12,21,14,20,6,24,17,24,8,26,17,26,9,7,5,6,1,17,11,16,3,24,15,25,9,14,4,14,4,2,0,1,0,21,10,19,4,13,10,19,2,10,6,5,4,21,13,21,12,9,7,3,0,25,18,26,12,18,13,14,2,7,5,12,3
James Ward,10,7,11,4,39,26,43,21,26,14,22,5,13,5,21,7,14,6,17,3,17,13,19,7,8,4,7,0,6,4,14,6,21,13,15,3,8,5,14,4,4,4,0,0,15,8,18,7,13,9,13,4,7,3,4,1,16,7,16,5,7,5,7,1,23,19,13,2,19,13,11,1,4,3,2,1
Michael Llodra,39,25,37,9,147,86,147,52,86,61,95,33,61,38,52,15,61,36,62,21,63,35,70,21,23,13,15,3,36,24,41,12,60,36,70,26,41,27,33,10,10,5,3,1,48,30,56,16,51,32,49,11,19,13,12,5,50,42,54,18,32,19,18,4,43,29,56,18,29,20,38,12,14,7,18,6
Marcos Baghdatis,64,44,64,16,280,161,280,109,161,104,170,49,119,85,110,44,104,67,121,44,142,87,115,33,34,20,44,15,67,44,77,24,124,80,125,48,75,44,62,29,14,8,15,7,103,73,101,41,88,58,81,22,39,27,37,17,88,60,100,39,57,36,42,19,135,79,130,51,79,49,79,37,56,41,51,20
James Blake,17,14,16,3,134,88,136,55,88,59,81,31,46,22,55,18,59,40,50,14,51,26,68,26,24,16,18,8,40,29,36,8,45,32,56,23,41,26,36,14,8,5,8,5,43,23,41,10,39,23,45,14,20,16,17,4,43,27,41,13,32,16,27,12,65,36,53,16,36,18,37,15,29,15,16,6
Jeremy Chardy,21,9,22,6,173,111,178,65,111,83,113,38,62,44,65,22,83,55,75,25,72,38,81,36,18,9,22,11,55,42,50,23,66,35,70,20,43,27,47,14,9,5,11,5,48,33,73,18,58,35,53,18,21,10,20,6,50,32,53,14,33,21,32,12,60,37,53,16,37,28,37,9,23,12,16,6
Novak Djokovic,136,89,136,48,826,567,803,352,569,395,451,199,260,170,352,165,394,269,252,99,344,237,386,176,90,55,165,75,269,187,153,58,362,245,309,149,162,110,265,131,35,22,75,36,327,249,218,87,227,159,283,127,74,48,170,83,237,157,243,116,116,71,214,103,262,177,445,203,177,124,242,112,85,58,203,97
Rafael Nadal,120,91,118,49,636,441,643,278,441,302,365,154,195,129,278,129,302,205,211,79,268,178,303,137,66,40,129,64,205,153,132,49,275,188,245,107,130,86,201,88,26,18,64,29,240,169,187,69,173,117,220,103,62,37,123,51,188,131,186,62,93,59,175,90,250,148,270,113,148,87,157,74,102,73,113,64
Ryan Sweeting,6,4,5,3,68,34,69,18,34,16,51,16,34,17,18,5,16,7,35,13,35,18,29,9,17,13,5,2,7,4,22,6,27,16,33,6,30,17,12,4,4,2,2,1,19,15,33,9,28,19,14,2,15,8,5,2,23,12,21,7,17,8,5,1,47,31,16,3,31,13,13,4,16,10,3,2
Gilles Muller,39,27,39,5,118,72,119,39,72,48,80,22,46,31,39,15,48,36,58,15,55,31,46,13,15,10,15,7,36,28,43,13,43,31,48,14,34,20,21,7,5,4,7,3,39,26,47,13,32,20,28,8,18,11,11,2,33,21,33,7,23,7,17,4,53,31,34,9,31,15,25,7,22,18,9,2
Milos Raonic,63,48,60,22,230,152,234,83,152,99,151,60,78,52,83,27,99,67,91,30,104,77,116,28,26,18,27,10,67,52,61,22,109,69,118,38,45,25,45,16,8,7,10,4,84,58,102,29,65,45,67,20,27,20,22,8,71,50,76,24,40,26,34,15,70,54,79,25,54,40,54,19,16,9,25,8
Olivier Rochus,17,10,18,4,43,25,46,8,25,11,38,6,18,12,8,1,11,6,32,11,26,18,13,1,6,4,1,0,6,4,21,4,23,15,23,3,12,8,2,0,2,0,0,0,17,6,24,6,16,10,5,2,4,2,0,0,21,12,9,4,8,4,2,1,32,14,10,3,14,6,7,2,18,11,3,0
Mardy Fish,114,77,111,49,375,250,377,141,250,157,236,98,125,82,141,55,157,114,138,60,175,123,184,78,43,34,55,25,114,79,78,21,166,109,166,64,86,51,108,44,9,7,25,5,144,105,123,52,108,77,128,39,42,25,64,27,116,87,141,55,56,37,76,29,104,71,188,71,71,52,117,39,33,19,71,24
Denis Istomin,19,12,19,8,122,80,122,43,80,52,79,35,42,20,43,10,52,34,44,15,48,30,68,15,22,12,10,3,34,26,29,8,48,31,68,24,30,18,22,8,10,6,3,0,39,28,52,24,35,20,38,12,18,9,11,5,31,20,50,14,24,12,18,5,39,24,50,20,24,13,30,7,15,5,20,4
Robin Haase,19,8,20,5,138,100,135,49,100,56,86,33,38,24,49,20,56,36,53,16,68,43,62,26,14,7,20,7,36,23,37,13,63,39,52,20,32,14,39,16,7,6,7,2,52,27,45,15,38,28,43,19,24,12,21,7,53,34,39,17,22,13,33,13,72,40,76,30,40,17,46,19,32,17,30,10
Julien Benneteau,57,37,55,22,259,161,263,88,161,88,175,67,98,61,88,34,88,59,108,36,134,82,121,42,37,22,34,15,59,39,72,30,111,69,115,40,74,50,61,27,15,7,15,6,89,57,105,28,92,57,74,25,31,15,36,17,89,59,77,33,50,34,44,19,135,75,104,38,75,48,66,26,60,44,38,18
Tomas Berdych,121,91,120,38,456,295,451,175,295,221,276,115,161,111,175,73,221,150,162,60,185,121,216,78,50,32,73,30,150,111,102,36,192,127,198,77,96,69,121,46,18,10,30,16,166,119,156,57,134,87,153,54,37,22,60,27,134,84,156,53,69,51,87,38,189,130,171,69,130,85,102,35,59,43,69,35
Tobias Kamke,5,3,6,1,95,47,97,33,47,27,64,19,48,31,33,14,27,15,45,19,51,26,38,13,17,4,14,3,15,14,26,10,38,18,44,16,29,23,24,9,13,4,3,2,19,13,38,13,43,16,31,10,10,6,10,3,22,10,34,11,32,19,17,7,58,30,46,18,30,15,28,12,28,12,18,5
Richard Gasquet,42,21,42,16,403,280,391,157,280,185,234,94,123,78,157,72,186,130,140,44,172,123,180,81,45,34,71,25,130,95,96,31,179,121,143,54,83,57,127,55,11,6,25,13,155,106,120,41,116,78,125,49,32,21,67,24,127,73,117,42,59,28,92,40,134,84,185,82,84,61,103,42,50,29,82,33
Igor Kunitsyn,8,5,8,2,40,21,43,13,21,11,30,5,19,12,13,6,11,7,25,4,22,14,12,4,7,5,6,1,7,7,21,5,18,11,12,4,13,9,9,1,2,1,1,0,11,8,13,3,16,9,12,2,5,3,2,0,12,8,13,4,10,4,4,1,13,6,11,2,6,4,9,3,7,3,2,1
Simone Bolelli,17,11,16,6,45,24,45,13,24,11,32,13,21,7,13,8,11,7,19,4,20,15,18,4,14,8,8,2,7,5,15,2,19,12,18,9,13,5,10,6,6,4,2,1,14,7,11,1,12,5,13,4,12,8,7,2,12,7,10,2,15,8,9,3,19,14,15,8,14,10,7,2,5,2,8,3
Stan Wawrinka,94,58,95,25,382,263,381,147,263,162,234,86,119,75,147,63,162,101,148,62,176,120,170,68,44,33,63,34,101,71,86,34,181,123,164,66,89,58,97,42,11,5,34,15,153,96,132,50,116,73,121,47,36,20,61,19,130,75,124,41,63,39,89,36,174,114,176,72,114,71,104,43,60,37,72,33
Victor Hanescu,6,4,5,3,71,47,70,21,47,26,49,16,24,14,21,8,26,15,32,8,35,24,29,6,10,8,8,4,15,10,24,6,35,26,31,13,19,12,10,6,2,1,4,2,31,22,24,7,21,12,17,7,8,4,8,1,21,13,17,4,13,8,14,8,38,17,13,3,17,8,10,1,21,13,3,1
Ryan Harrison,20,13,20,8,161,100,162,55,100,48,107,25,61,30,55,17,48,34,82,22,82,52,63,17,31,16,17,4,34,24,60,21,66,36,68,20,46,25,30,14,15,5,4,2,46,33,69,27,55,37,36,10,26,13,16,9,50,33,53,18,31,18,17,5,73,44,60,27,44,26,33,14,29,20,27,11
Grigor Dimitrov,37,24,35,13,132,84,130,44,84,46,86,30,48,19,44,14,46,31,56,21,57,34,60,21,29,16,14,6,31,17,35,10,49,30,60,22,39,23,29,8,13,7,6,0,44,31,48,13,42,21,43,18,23,15,14,5,34,18,38,16,36,27,27,6,87,60,59,17,60,36,42,11,27,20,17,6
Jo-Wilfried Tsonga,112,81,111,41,585,356,583,199,356,234,384,137,229,151,199,89,234,149,247,80,273,180,247,79,78,49,89,40,149,108,167,53,265,171,248,100,142,88,128,58,29,20,40,20,212,146,201,68,182,127,170,63,74,47,78,37,193,130,175,61,102,67,104,46,235,165,195,74,165,110,121,38,70,50,74,36
Nicolas Almagro,110,76,111,28,408,288,407,151,288,193,256,91,120,79,151,51,193,130,165,59,174,129,191,77,41,31,51,13,130,88,106,27,192,130,173,62,76,39,115,53,10,5,13,3,172,121,138,44,101,69,124,42,42,30,63,28,120,81,126,48,62,41,77,24,139,85,184,72,85,57,112,36,54,31,72,25
David Nalbandian,21,15,22,6,172,88,173,62,88,50,111,45,84,54,62,29,50,32,66,24,92,60,78,28,29,14,29,9,32,24,42,14,78,49,74,34,46,27,48,15,15,9,9,4,57,44,54,21,56,36,67,21,28,16,20,6,49,27,67,29,36,19,35,11,77,48,97,37,48,34,60,21,29,22,36,13
Andreas Haider-Maurer,0,0,0,0,32,17,32,13,17,9,19,5,15,8,13,2,9,6,14,8,16,14,16,4,7,4,2,2,6,5,6,2,17,10,20,7,6,3,4,1,3,1,2,0,11,8,15,2,10,5,10,4,4,4,3,1,8,3,8,4,9,5,6,1,19,9,14,3,9,7,11,2,10,7,3,0
Adrian Mannarino,6,3,6,1,68,36,71,20,36,21,51,14,32,16,20,5,21,10,37,8,32,17,29,11,15,9,5,2,10,5,29,8,28,13,26,12,24,13,14,4,6,2,2,0,18,9,22,6,27,13,22,6,13,8,6,1,22,17,22,7,22,9,11,5,22,12,23,5,12,8,18,6,10,4,5,1
Igor Andreev,38,24,41,11,139,84,144,48,84,58,96,32,55,42,48,18,58,43,64,25,68,50,62,22,13,11,18,9,43,27,39,15,65,39,65,21,29,18,31,9,2,1,9,6,55,37,59,19,44,27,43,12,12,5,12,5,45,31,50,17,22,12,19,9,40,26,63,23,26,15,40,20,14,3,23,7
Bernard Tomic,36,23,38,23,281,186,273,103,186,111,170,64,95,60,103,35,111,72,106,31,135,91,132,39,35,21,35,13,72,50,75,19,130,80,124,46,65,43,61,27,14,11,13,6,102,65,97,31,93,62,80,29,33,19,34,13,99,51,82,18,50,31,50,14,159,94,93,37,94,50,56,20,65,36,37,18
Jurgen Melzer,46,33,42,16,186,114,189,78,113,70,110,43,73,35,79,33,70,40,67,25,78,46,89,28,38,25,33,11,40,26,43,13,75,50,85,33,57,39,50,19,13,4,11,3,64,41,65,29,64,47,65,27,22,12,26,13,70,40,67,31,29,19,39,16,85,44,98,29,44,30,69,28,41,22,29,13
Viktor Troicki,12,8,11,4,219,129,221,86,129,73,135,51,90,59,86,40,73,44,84,31,115,83,97,33,31,19,40,15,44,24,53,21,112,64,95,33,51,29,58,20,12,7,15,6,84,55,83,29,77,42,71,35,29,22,29,10,71,45,65,20,57,32,53,20,113,64,102,43,64,37,59,27,49,28,43,21
Yen-Hsun Lu,22,17,22,11,145,84,143,41,84,51,102,35,61,28,41,11,51,36,66,26,61,30,66,21,33,20,11,6,36,23,40,11,45,33,70,28,51,27,26,5,13,7,6,3,45,27,53,16,40,26,49,10,31,18,8,4,43,27,55,19,32,23,14,2,64,38,61,21,38,24,40,15,26,11,21,6
Andreas Seppi,21,15,22,2,129,81,130,45,81,47,85,35,48,23,45,15,47,31,50,12,57,36,65,23,25,18,15,5,31,17,38,9,52,36,54,19,39,27,33,12,7,3,5,2,50,29,44,13,43,23,40,16,15,6,15,10,44,26,37,12,26,13,21,6,59,33,46,19,33,22,27,7,26,17,19,7
Kevin Anderson,53,30,54,16,140,93,140,57,93,63,83,32,47,28,57,24,63,44,51,15,58,37,66,22,19,11,24,6,44,29,36,12,54,29,60,16,32,17,39,11,8,4,6,3,44,27,56,17,43,25,44,12,19,12,14,4,42,27,49,22,30,19,22,4,54,38,78,23,38,28,54,18,16,11,24,4
Gilles Simon,102,59,104,34,387,240,390,163,240,149,227,96,148,88,163,65,148,82,131,48,180,112,194,74,60,41,65,32,82,53,83,33,177,110,169,78,108,60,107,49,19,11,32,14,139,89,123,38,127,89,137,43,59,28,67,29,139,77,130,51,66,46,80,41,201,128,156,58,128,81,98,36,73,46,58,27
Alex Bogomolov Jr.,20,14,19,4,108,74,106,35,74,48,71,29,34,14,35,7,48,30,42,12,40,23,57,28,20,11,7,1,30,19,30,8,41,21,41,12,28,17,34,12,9,7,1,1,32,20,37,11,37,22,34,12,18,13,12,3,34,19,33,17,28,16,21,3,65,47,61,19,47,23,42,18,17,10,19,11
Gael Monfils,41,22,39,16,264,163,262,122,163,115,140,53,101,63,122,53,115,67,87,31,111,74,122,52,38,21,53,24,67,47,56,30,122,67,101,41,58,33,81,23,17,11,24,7,87,54,90,46,88,52,99,35,36,23,40,19,85,52,110,46,59,36,56,20,136,81,162,67,81,49,95,42,55,35,67,29
Lukasz Kubot,44,28,46,25,185,104,185,70,104,53,115,39,81,49,70,32,53,24,76,22,100,57,77,30,32,25,32,8,24,17,54,16,86,52,69,28,68,42,54,19,7,4,8,6,59,42,57,21,76,47,63,21,30,19,21,9,64,36,63,23,48,26,33,14,89,62,69,26,62,41,43,15,27,14,26,14
Feliciano Lopez,84,46,79,25,218,140,223,73,140,97,150,54,78,46,73,33,97,63,96,37,89,52,94,26,32,20,33,13,63,43,59,17,86,61,105,36,57,41,46,12,12,7,13,5,81,47,86,24,66,44,70,18,23,15,20,7,78,57,76,22,37,25,31,13,87,52,66,14,52,39,52,17,35,28,14,5
Karol Beck,4,1,5,1,39,28,39,10,28,13,29,11,11,5,10,5,13,6,18,8,20,15,16,5,6,4,5,0,6,2,10,3,22,10,19,1,9,6,10,5,2,1,0,0,14,5,21,7,18,11,6,1,4,3,5,0,20,11,12,3,10,5,6,1,32,16,17,5,16,6,12,5,16,8,5,1
Fernando Gonzalez,0,0,0,0,14,11,14,3,11,8,11,3,3,2,3,0,8,7,8,0,5,2,6,2,1,0,0,0,7,5,8,1,3,2,4,1,3,1,2,1,1,1,0,0,4,2,4,0,2,1,2,0,3,1,1,0,3,2,2,1,2,1,1,0,3,1,3,1,1,1,2,0,2,1,1,0
Mikhail Youzhny,21,12,21,8,241,149,236,87,149,80,149,58,92,55,87,32,80,53,91,35,124,92,113,42,37,24,32,14,53,36,56,20,119,76,106,34,56,29,60,20,13,9,14,10,93,56,92,34,72,46,74,31,36,20,24,3,83,61,77,25,46,27,52,17,88,52,105,42,52,36,63,23,36,23,42,20
Xavier Malisse,54,32,54,15,152,95,160,49,95,65,111,34,57,30,49,14,65,41,77,24,60,35,69,22,27,15,14,7,41,33,53,21,59,37,71,23,40,26,29,10,12,7,7,3,45,32,69,24,48,32,42,21,21,12,14,8,45,30,45,14,28,15,27,10,51,34,69,28,34,22,41,17,17,9,28,7
Caroline Wozniacki,48,30,47,18,287,168,281,131,168,95,150,67,119,77,131,72,96,52,83,41,149,93,126,60,42,27,72,34,51,34,42,23,138,88,107,67,83,48,98,49,15,10,34,19,105,60,63,36,98,68,116,51,45,29,64,30,113,66,101,48,59,32,85,41,147,85,180,86,85,51,94,44,62,34,86,42
Arantxa Parra Santonja,11,7,12,5,37,21,37,11,21,12,26,10,16,6,11,3,12,7,16,5,15,6,18,8,10,3,3,2,7,5,11,5,11,6,15,5,12,7,9,5,7,3,2,2,8,5,15,9,12,6,9,3,8,4,5,3,9,7,15,4,10,4,5,2,12,6,11,6,6,4,5,0,6,4,6,2
Mathilde Johansson,4,4,4,3,89,44,85,39,44,19,46,21,45,29,39,17,19,8,25,13,54,31,43,24,16,5,17,12,8,5,12,7,42,17,32,12,28,15,29,13,11,6,12,6,20,13,27,13,39,19,28,12,19,6,19,9,26,14,29,11,26,11,22,8,45,20,49,25,19,9,24,11,25,12,25,12
Heather Watson,7,5,7,3,104,55,102,44,55,38,58,23,49,29,44,13,38,26,35,16,46,23,54,27,20,10,13,4,26,12,19,9,35,19,43,18,33,11,36,14,10,4,4,3,33,16,34,17,27,13,40,19,26,14,15,9,30,17,38,17,28,17,25,10,53,22,79,40,22,14,39,21,31,15,40,14
Elena Baltacha,0,0,0,0,86,49,86,37,49,30,49,17,37,25,37,18,30,17,32,12,44,28,36,12,12,5,18,9,17,9,20,13,41,23,36,13,21,10,21,10,7,5,9,4,31,16,36,16,28,15,24,7,16,13,15,5,30,17,33,10,26,13,17,7,61,32,33,13,32,14,20,8,29,17,13,8
Mona Barthel,5,2,5,1,71,35,71,25,35,18,46,20,36,20,25,10,18,12,26,9,37,18,35,11,16,8,10,4,12,7,17,8,24,10,33,13,27,13,17,10,8,5,4,3,15,6,28,11,27,20,20,8,19,14,11,5,29,17,23,10,21,13,14,8,52,31,36,13,31,16,23,10,21,12,13,3
Anna Chakvetadze,0,0,0,0,15,6,15,4,6,4,11,3,9,3,4,1,4,1,8,3,5,0,6,4,6,3,1,0,1,1,5,0,3,2,5,1,8,4,5,0,3,3,0,0,2,0,4,2,5,0,6,1,7,3,0,0,2,1,7,2,8,5,1,0,11,7,5,3,7,3,2,0,4,1,3,1
Maria Sharapova,33,23,31,13,415,257,422,213,257,160,209,98,158,86,213,104,160,105,111,51,183,112,207,109,72,38,104,46,105,67,60,35,167,98,149,71,109,64,167,76,34,21,46,26,136,84,113,56,133,76,162,83,66,42,96,57,128,75,135,74,99,57,122,62,217,138,264,140,138,77,124,67,79,46,140,77
Na Li,24,12,23,14,300,175,298,142,175,114,156,62,125,78,142,66,115,75,94,42,138,82,138,68,47,32,65,35,75,46,52,20,122,81,112,48,88,49,98,49,15,8,35,15,110,71,84,39,90,54,97,51,47,33,69,29,93,48,85,40,69,39,91,48,173,104,150,74,104,55,76,38,69,40,74,45
Alla Kudryavtseva,6,3,6,2,31,15,31,15,15,10,16,6,16,7,15,7,10,6,10,6,12,4,14,7,9,6,7,4,6,5,4,2,8,5,13,3,14,6,10,4,3,1,4,4,6,5,12,4,10,5,9,3,8,3,4,2,6,4,10,3,7,3,5,3,9,4,12,5,4,2,7,2,5,2,5,0
Ana Ivanovic,23,12,24,4,222,128,217,101,128,72,116,51,94,64,101,47,72,40,65,33,120,78,105,47,30,18,47,28,40,23,32,15,110,60,91,44,60,34,66,31,12,8,28,18,77,51,62,27,84,46,79,41,34,21,41,19,72,44,65,24,59,36,63,31,110,74,101,40,74,44,61,26,36,16,40,21
Melanie Oudin,0,0,0,0,30,10,30,7,10,7,23,11,20,6,7,1,7,2,12,7,9,6,17,4,14,6,1,1,2,1,5,2,11,5,20,5,9,4,4,1,8,5,1,0,6,4,17,8,10,4,8,1,10,7,2,2,6,2,15,6,13,1,1,1,8,3,10,1,3,2,9,3,5,2,1,0
Marion Bartoli,31,18,34,14,288,178,289,128,178,114,161,84,110,64,128,57,114,69,77,29,128,80,155,57,46,26,57,30,69,42,48,21,125,76,127,51,74,37,84,42,20,6,30,17,102,62,97,29,86,52,93,38,43,24,55,27,92,54,84,43,58,32,66,26,160,96,169,80,96,45,89,47,64,39,80,41
Kristyna Pliskova,0,0,0,0,7,3,7,3,3,1,4,0,4,1,3,0,1,1,4,1,3,2,3,0,3,0,0,0,1,0,3,0,2,0,4,1,1,1,0,0,3,0,0,0,1,1,3,2,3,2,1,0,0,0,0,0,2,0,3,2,1,1,0,0,4,1,2,0,1,1,2,0,3,1,0,0
Aravane Rezai,0,0,0,0,55,34,56,19,34,15,37,7,21,9,19,8,15,5,30,8,28,19,18,8,12,6,8,1,5,4,22,12,29,17,18,4,15,9,15,8,6,2,1,1,18,11,26,7,21,14,11,2,8,6,8,3,21,14,16,9,13,5,7,4,19,7,20,6,7,3,14,4,12,3,6,2
Serena Williams,32,23,32,8,291,199,279,131,199,128,148,82,92,61,131,69,128,92,66,28,132,93,144,65,31,22,69,38,92,62,38,17,129,87,107,42,61,38,96,40,9,6,38,19,117,89,82,34,80,58,98,45,29,18,59,24,86,64,87,39,40,27,80,36,82,49,174,67,49,35,107,57,33,19,67,33
Francesca Schiavone,20,12,19,6,339,192,332,154,192,109,178,78,147,77,154,75,109,59,100,34,160,96,157,70,70,41,75,34,59,32,66,25,146,84,121,54,105,65,111,53,29,14,34,11,111,60,92,44,127,74,112,51,54,37,76,30,125,70,105,48,90,52,97,43,215,127,200,96,127,69,104,48,88,50,96,46
Jelena Dokic,5,1,5,2,69,36,71,29,36,21,42,18,33,18,29,16,21,13,24,11,33,15,31,17,15,9,16,9,13,8,13,4,23,17,25,7,27,16,24,11,6,3,9,5,22,14,22,6,22,13,20,8,14,9,15,6,21,11,18,5,18,6,17,5,25,17,30,11,17,12,19,8,8,4,11,6
Stephanie Foretz Gacon,7,4,7,2,51,24,50,15,24,14,35,18,27,13,15,7,14,7,17,6,23,11,26,5,14,5,7,1,7,6,11,8,18,7,27,7,17,10,11,5,9,3,1,1,8,2,28,7,21,9,13,4,10,7,5,4,15,4,16,7,19,8,5,1,38,17,25,12,17,11,13,6,21,13,12,4
Andrea Petkovic,16,11,15,8,171,96,164,78,96,49,86,38,75,36,78,36,48,31,48,22,83,53,80,43,39,26,36,15,31,12,26,10,70,47,59,24,56,30,64,26,13,4,15,6,66,42,45,20,53,39,62,34,30,18,35,19,63,38,48,21,32,17,50,22,87,48,93,41,48,25,52,23,39,22,41,20
Magdalena Rybarikova,0,0,0,0,34,13,33,13,13,6,20,7,21,10,13,3,6,2,13,7,17,7,17,8,11,8,3,1,2,1,6,1,11,5,16,7,18,9,10,2,3,2,1,0,6,3,10,3,15,11,15,4,11,7,3,1,14,6,14,6,11,4,6,1,24,10,18,4,10,7,14,5,14,10,4,2
Victoria Azarenka,42,25,39,10,379,233,385,190,233,139,195,95,146,92,190,96,139,87,100,38,186,113,189,100,54,32,96,42,86,53,62,35,165,111,127,66,105,59,154,83,22,15,42,22,144,92,96,45,113,76,137,70,61,36,103,43,128,84,112,64,73,41,130,74,171,102,221,103,102,60,118,57,69,44,103,58
Naomi Broady,0,0,0,0,9,7,9,5,7,2,4,3,2,0,5,2,2,1,1,0,5,4,6,0,2,1,2,0,1,0,1,1,5,1,6,3,2,1,2,1,1,0,0,0,2,2,4,1,5,4,4,0,1,0,1,0,4,1,5,5,1,1,1,0,8,5,11,2,5,3,9,3,3,2,2,0
Anne Keothavong,0,0,0,0,60,34,60,22,34,15,38,17,26,8,22,8,15,5,21,9,27,18,31,12,18,10,8,2,5,3,12,2,28,10,28,12,19,9,18,6,8,4,2,2,12,7,18,6,27,16,24,8,14,8,6,2,21,8,22,7,19,9,12,3,40,22,30,14,22,13,16,7,18,9,14,7
Jelena Jankovic,17,8,16,6,176,106,176,88,106,57,88,37,70,37,88,44,57,34,51,20,86,53,81,36,33,18,44,18,34,20,31,11,76,44,65,29,51,30,62,22,15,9,18,8,58,32,47,17,62,45,70,33,30,19,31,14,71,39,54,25,36,17,49,21,112,62,112,53,62,33,59,37,50,34,53,31
Maria Jose Martinez Sanchez,5,1,6,6,67,40,71,36,40,25,35,13,27,8,36,17,25,13,22,10,23,11,32,13,19,8,17,8,13,7,12,4,23,10,29,16,20,12,22,9,11,5,8,2,16,13,17,9,25,11,29,10,13,9,15,3,14,11,28,10,23,15,22,9,35,17,48,20,17,8,28,11,18,8,20,6
Virginie Razzano,16,5,16,8,85,41,84,33,41,18,51,26,44,27,33,14,18,12,25,12,50,28,45,21,17,12,14,6,12,5,13,8,34,14,36,14,34,19,29,16,5,4,6,3,21,10,30,11,39,20,27,6,19,10,19,7,31,21,32,7,29,11,18,6,45,24,37,14,24,12,23,11,21,12,14,7
Shuai Peng,29,23,29,12,198,112,187,81,112,71,106,44,86,45,81,33,71,43,62,22,86,55,92,38,41,27,33,18,43,27,40,18,83,52,76,32,58,32,53,20,14,8,18,9,68,44,62,30,63,36,65,29,34,20,29,10,60,35,66,30,47,28,48,25,103,57,115,50,57,32,65,31,46,25,50,19
Laura Robson,23,12,23,11,84,50,85,30,50,30,55,23,34,23,30,10,30,16,32,9,43,24,43,21,11,5,10,3,16,11,23,10,38,26,31,11,24,18,28,12,6,3,3,0,31,18,30,12,30,20,27,8,9,6,15,3,33,14,31,13,16,8,20,7,59,29,50,17,29,12,33,13,30,15,17,6
Sabine Lisicki,25,13,24,14,202,127,202,84,127,63,118,48,75,45,84,43,63,43,70,31,109,58,89,38,30,17,43,19,43,26,39,17,78,43,82,37,68,45,62,27,13,7,19,11,60,36,62,25,80,41,72,32,30,15,35,17,65,37,65,25,54,32,50,30,108,71,82,30,71,38,52,21,37,15,30,14
Eleni Daniilidou,0,0,0,0,18,8,20,6,8,5,14,5,10,5,6,3,5,2,9,5,8,1,8,3,5,1,3,0,2,1,4,1,4,0,10,3,8,2,6,3,4,1,0,0,1,1,8,3,6,3,6,2,7,2,3,0,3,2,7,1,5,2,5,0,10,5,11,4,5,1,7,2,5,3,4,1
Lourdes Dominguez Lino,0,0,0,0,45,25,47,17,25,15,30,8,20,9,17,4,15,6,22,7,19,9,21,9,11,6,4,0,6,5,15,3,18,8,19,3,16,9,13,8,5,2,0,0,9,3,19,7,19,11,8,3,9,3,8,4,17,8,12,3,11,4,7,1,36,18,13,2,18,5,11,3,18,10,2,1
Simona Halep,4,4,5,3,54,22,55,17,22,11,38,14,32,20,17,7,11,7,24,9,31,13,24,8,12,2,7,3,7,3,15,4,17,12,25,9,20,14,12,5,10,6,3,1,16,11,20,6,19,9,16,4,12,7,7,1,14,4,18,4,17,10,10,5,27,14,21,11,14,11,10,6,13,4,11,5
Barbora Zahlavova Strycova,12,6,12,9,68,36,72,32,36,21,40,23,32,13,32,10,21,12,17,3,28,12,45,20,19,8,10,5,12,7,14,3,21,16,28,17,24,12,25,15,11,6,5,1,21,13,14,4,17,6,27,7,18,10,19,5,14,4,24,10,21,10,21,11,32,16,41,11,16,9,30,13,16,5,11,3
Stephanie Dubois,0,0,0,0,24,11,23,10,11,5,13,7,13,9,10,1,5,4,6,2,15,7,16,5,4,1,1,1,4,1,4,2,8,4,13,3,9,6,5,1,3,1,1,0,7,5,12,3,10,5,7,3,4,3,2,0,7,3,7,4,8,6,5,3,23,9,14,7,9,2,7,5,14,6,7,4
Petra Kvitova,29,15,29,16,340,201,339,148,201,119,191,87,139,94,148,67,119,74,104,48,176,116,168,64,45,28,67,30,74,47,56,22,161,102,152,91,88,60,101,46,17,10,30,10,129,80,83,40,119,78,146,82,38,19,66,28,127,85,104,43,60,40,120,55,148,89,200,87,89,61,113,52,59,38,87,47
Alexandra Dulgheru,17,9,16,9,44,24,44,20,24,17,24,12,20,12,20,6,17,9,12,6,19,10,26,10,8,1,6,2,9,6,6,3,18,9,22,7,10,3,14,5,7,3,2,0,12,7,18,5,12,4,16,5,10,6,7,2,9,4,16,7,14,7,10,6,29,16,16,7,16,7,9,3,13,8,7,5
Svetlana Kuznetsova,42,25,40,18,208,115,209,100,115,63,109,54,93,60,100,45,63,36,55,20,112,72,109,60,33,21,45,21,36,21,35,13,99,61,69,29,61,41,84,43,12,7,21,12,76,48,53,27,79,40,70,32,27,19,52,25,68,41,65,36,58,30,59,26,103,60,133,68,60,33,65,29,43,19,68,33
Kimiko Date-Krumm,17,8,18,7,62,31,61,26,31,16,35,19,31,17,26,8,16,7,16,5,32,15,37,13,14,9,8,5,7,2,11,3,24,10,29,14,26,12,16,4,5,4,5,1,15,7,18,7,26,13,26,18,18,8,8,6,21,10,15,5,21,11,20,12,48,22,29,11,22,9,18,8,26,13,11,3
Venus Williams,14,8,14,4,114,67,112,46,67,43,66,31,47,23,46,25,43,26,34,14,47,29,52,28,24,18,25,10,25,18,20,7,46,23,38,18,36,23,43,17,6,3,10,3,30,17,27,6,46,25,44,20,16,9,24,9,38,24,30,11,30,15,35,16,51,27,60,32,27,16,28,15,24,11,32,17
Elena Vesnina,6,4,6,1,47,28,47,22,28,17,24,7,19,8,22,7,17,8,17,4,19,5,22,6,11,7,7,1,8,4,13,4,14,7,20,11,21,8,12,6,4,1,1,1,11,6,13,6,15,10,17,6,14,8,6,2,15,11,17,6,13,5,10,5,11,7,15,7,7,5,8,3,4,0,7,6
Vera Zvonareva,50,32,52,23,245,143,243,116,143,79,127,48,102,54,116,55,79,52,79,36,118,67,109,49,48,30,55,29,52,31,43,18,94,61,96,42,81,51,75,37,18,9,29,13,82,52,72,38,84,46,80,34,39,19,53,25,76,48,84,35,57,30,62,33,104,65,106,44,65,43,62,25,39,24,44,27
Jarmila Gajdosova,12,8,11,6,76,40,79,37,40,26,42,16,36,18,37,13,26,8,26,11,32,16,40,19,18,15,13,4,8,4,15,7,34,20,32,11,31,16,28,8,3,1,4,1,24,11,28,12,30,17,31,11,16,8,11,6,30,18,32,7,21,14,16,5,45,25,30,13,25,15,17,5,20,9,13,6
Dominika Cibulkova,32,25,33,15,154,88,154,68,88,56,86,39,66,31,68,26,56,30,47,19,63,34,81,39,35,19,26,12,30,19,28,14,60,35,61,28,48,27,53,31,16,8,12,4,46,27,47,23,52,26,50,22,29,14,39,13,45,32,51,20,40,12,48,22,58,28,73,32,28,13,41,14,30,18,32,19
Julia Goerges,14,8,14,5,170,100,171,72,100,63,99,34,70,37,72,22,63,37,65,28,74,36,84,38,33,18,22,10,37,21,37,13,62,37,74,35,56,34,50,20,15,9,10,8,53,39,51,27,59,32,65,29,31,19,22,17,46,25,63,29,46,31,34,18,85,48,94,36,48,35,58,29,37,20,36,16
Melinda Czink,6,4,6,1,34,17,34,7,17,9,27,10,17,7,7,1,9,6,17,6,15,11,16,5,10,5,1,0,6,4,11,2,14,5,17,7,9,7,6,3,5,3,0,0,7,6,12,6,16,10,10,5,5,1,3,0,11,9,11,3,7,4,8,4,11,6,9,5,6,3,4,0,5,2,5,3
Klara Zakopalova,11,8,10,6,71,34,74,31,34,16,43,24,37,15,31,16,16,9,19,11,33,14,39,23,22,10,16,7,9,5,8,7,21,6,27,18,29,17,32,14,12,6,7,4,10,6,16,6,32,19,36,14,18,9,17,7,23,11,28,10,22,13,24,11,57,20,31,16,20,7,15,4,37,19,16,12
Petra Cetkovska,13,6,12,5,55,27,53,27,27,17,26,12,28,12,27,6,17,11,14,4,22,14,33,14,16,7,6,2,11,7,10,4,20,10,23,9,15,7,18,6,9,2,2,0,14,8,18,6,17,13,21,11,10,6,8,3,19,16,16,4,10,4,16,11,17,9,20,9,9,4,11,4,8,5,9,2
Flavia Pennetta,12,10,12,5,139,85,139,64,85,55,75,33,54,28,64,29,55,41,42,18,58,28,68,31,26,16,29,17,41,24,24,10,42,23,55,27,46,25,43,20,10,7,17,10,40,22,38,21,44,26,50,21,28,17,27,10,44,25,50,23,35,25,38,21,97,56,101,45,56,26,56,33,41,23,45,17
Maria Kirilenko,28,19,29,11,185,106,181,90,107,66,91,39,79,51,90,45,66,39,52,19,91,46,84,42,28,10,45,17,39,23,33,12,73,47,61,20,55,34,70,31,18,12,17,9,63,40,53,21,60,41,59,23,33,22,39,20,64,41,57,23,41,21,42,20,97,57,76,35,57,29,41,16,40,25,35,20
Tamira Paszek,17,11,16,7,86,42,89,39,42,26,50,19,44,17,39,21,26,15,31,13,33,11,37,18,27,16,21,9,15,7,18,7,22,10,32,10,38,23,30,13,11,5,9,5,18,8,29,10,35,20,27,13,20,14,17,10,30,10,24,9,29,20,20,12,88,54,26,13,54,24,13,3,34,18,13,7
Daniela Hantuchova,20,6,20,7,121,70,122,51,70,39,71,33,51,34,51,23,39,23,38,12,65,25,61,22,17,11,23,14,23,12,26,10,41,25,51,18,51,28,31,17,6,4,14,7,36,21,43,15,44,29,32,14,27,17,24,10,44,22,33,17,32,18,28,14,70,38,64,32,38,22,32,15,32,14,32,14
Roberta Vinci,11,7,10,7,145,82,145,60,82,48,85,32,63,37,60,24,48,31,53,27,71,41,68,27,26,14,24,9,31,15,25,8,58,32,68,34,44,20,42,21,12,9,9,3,48,34,42,17,46,24,55,19,33,14,27,11,38,21,53,22,36,17,35,18,55,34,75,22,34,21,53,26,21,8,22,12
Yanina Wickmayer,5,2,6,2,114,61,115,53,61,40,62,26,53,31,53,22,40,23,36,8,52,28,57,25,22,12,22,8,23,12,28,9,45,24,40,14,36,22,39,7,10,2,8,5,35,18,35,14,43,26,46,19,16,7,10,2,43,27,41,19,24,15,27,13,56,33,73,26,33,18,47,23,23,10,26,9
Tsvetana Pironkova,21,12,21,8,134,75,127,57,75,41,70,30,59,37,57,28,41,28,40,20,71,46,59,27,22,9,28,13,28,15,20,8,59,31,52,21,34,20,42,15,13,4,13,8,44,26,39,17,48,24,48,20,18,11,20,10,42,27,45,14,35,20,30,13,63,32,49,27,32,16,22,7,31,12,27,16
Nadia Petrova,25,16,25,9,131,81,132,56,81,44,76,27,50,27,56,25,44,27,49,22,64,39,58,25,23,19,25,14,27,17,27,6,56,32,55,18,44,24,36,13,4,3,14,4,42,24,43,17,48,30,41,17,23,13,23,8,48,28,41,19,31,11,32,14,51,28,72,26,28,19,46,22,23,11,26,13
Conor Niland,0,0,0,0,6,1,6,1,1,0,5,2,5,1,1,0,0,0,3,0,2,0,3,0,4,1,0,0,0,0,3,1,0,0,3,1,3,2,0,0,3,0,0,0,0,0,3,1,2,1,1,0,1,1,0,0,1,1,2,0,2,0,0,0,0,0,0,0,0,0,0,0,0,0,0,0
Sergiy Stakhovsky,13,9,13,5,114,62,112,51,62,42,61,22,52,20,51,20,42,21,39,15,40,23,53,21,31,18,20,7,20,12,24,7,44,27,47,20,35,19,34,17,13,7,7,2,35,20,34,8,36,22,37,12,23,15,22,8,37,19,33,11,29,11,26,12,46,32,50,22,32,18,28,10,14,3,22,7
Romain Jouan,5,3,6,1,13,7,14,3,7,5,11,2,6,2,3,3,5,3,9,3,4,2,2,0,4,1,3,0,3,2,6,1,4,1,5,2,3,2,3,0,3,1,0,0,2,1,4,1,5,5,5,3,2,1,0,0,6,4,3,0,1,1,3,1,4,1,2,0,1,1,2,0,3,1,0,0
Santiago Giraldo,4,1,4,0,89,48,93,26,48,26,67,13,41,25,26,8,26,15,54,22,47,28,31,12,16,9,8,3,15,12,32,6,39,26,41,21,28,16,17,6,7,4,3,1,29,20,26,12,29,18,32,11,16,11,8,1,27,16,33,11,22,12,18,8,46,25,35,14,25,15,21,4,21,13,14,4
Tommy Haas,22,18,22,8,142,91,137,64,91,49,73,24,51,34,64,29,49,29,49,16,76,45,59,23,17,9,29,17,29,15,33,9,65,41,52,19,40,24,35,11,8,5,17,8,55,38,42,14,48,27,43,19,21,16,20,7,44,26,38,14,37,20,32,11,60,31,74,16,31,24,58,31,29,15,16,8
Jonathan Dasnieres De Veigy,6,5,6,2,18,9,20,5,9,7,15,8,9,4,5,2,7,4,7,3,6,3,11,4,5,1,2,1,4,1,4,2,6,4,10,5,4,3,5,3,4,0,1,0,7,3,7,1,5,2,7,1,1,1,4,1,6,5,7,0,4,2,4,1,9,8,5,1,8,3,4,1,1,1,1,0
Alejandro Falla,64,42,61,18,186,119,180,63,119,75,117,38,67,40,63,26,75,45,79,27,84,46,75,27,27,16,26,8,45,34,52,19,76,53,75,25,54,31,45,18,11,6,8,5,64,39,69,25,54,37,52,16,29,16,21,7,62,40,61,27,33,22,30,12,68,44,102,42,44,32,60,30,24,12,42,15
Jarkko Nieminen,17,12,18,9,112,67,115,34,67,42,81,17,45,25,34,8,42,21,64,20,50,33,43,15,20,11,8,3,21,9,44,12,54,37,48,16,28,15,20,3,9,5,3,1,49,28,44,14,32,17,33,11,18,7,5,2,38,21,36,9,22,12,14,5,49,30,37,17,30,21,20,8,18,11,17,6
Rogerio Dutra Da Silva,0,0,0,0,28,19,30,12,19,8,18,8,9,7,12,5,8,4,10,3,18,10,15,5,2,1,5,1,4,3,7,3,14,9,13,7,9,7,9,3,1,0,1,0,10,6,9,3,12,9,12,5,2,2,4,0,13,7,10,5,5,4,9,4,16,7,14,4,7,6,10,2,9,5,4,2
Louk Sorensen,0,0,0,0,14,8,13,4,8,5,9,3,6,4,4,0,5,4,6,3,7,4,7,2,2,1,0,0,4,3,3,1,5,3,8,3,4,3,2,1,1,1,0,0,4,3,6,3,4,1,4,0,2,2,1,0,2,1,7,3,5,3,1,0,6,3,7,3,3,2,4,1,3,1,3,1
Steve Johnson,22,10,21,7,61,39,61,12,39,22,49,13,22,12,12,6,22,10,36,8,29,19,19,6,10,7,6,2,10,7,28,8,31,22,21,7,17,11,10,3,3,0,2,0,25,20,22,5,20,14,14,4,6,6,5,2,19,13,15,5,12,11,7,2,36,23,18,4,23,13,14,6,13,9,4,2
Robby Ginepri,6,3,6,2,34,18,33,14,18,12,19,6,16,9,14,4,12,9,13,3,15,10,16,8,7,3,4,3,9,6,10,1,13,8,11,2,8,7,9,1,4,1,3,2,11,5,10,3,12,8,10,3,2,2,2,2,14,10,10,4,6,4,3,1,15,9,13,4,9,8,9,4,6,6,4,1
Joao Souza,10,5,10,3,32,17,35,12,17,10,23,8,15,9,12,5,10,4,15,8,16,8,15,4,6,2,5,3,4,3,7,3,14,11,19,5,10,6,6,2,4,1,3,2,12,7,17,6,9,2,9,2,5,2,3,1,7,5,13,4,9,6,4,0,22,14,17,6,14,7,11,3,8,7,6,0
Filippo Volandri,10,5,10,4,62,33,62,18,33,20,44,14,29,20,18,5,20,12,30,4,33,21,27,9,9,5,5,1,12,8,26,10,29,18,22,9,17,8,13,4,4,3,1,1,22,16,23,7,19,11,18,6,12,9,4,1,17,8,19,11,17,7,9,5,33,18,27,12,18,9,15,3,15,8,12,3
Ricardo Mello,12,6,12,7,59,30,58,23,30,21,35,13,29,21,23,8,21,13,22,8,30,15,28,8,8,3,8,0,13,10,14,9,23,12,28,7,18,8,16,6,5,4,0,0,15,9,30,10,19,11,17,3,14,9,6,3,17,11,24,8,17,12,6,2,38,24,17,2,24,14,15,4,14,10,2,1
Donald Young,17,11,17,8,141,77,140,46,77,46,94,37,64,39,47,19,46,24,57,22,70,40,65,25,25,15,19,4,24,15,35,8,62,41,62,21,45,27,40,14,10,5,4,1,50,30,49,21,48,16,47,18,23,12,17,10,36,21,50,20,44,21,25,8,51,25,73,24,25,21,49,24,26,11,24,12
Lukas Lacko,0,0,0,0,101,59,102,21,59,35,81,26,42,23,21,10,35,23,55,16,47,25,37,12,19,11,10,2,23,17,39,10,37,19,41,6,33,21,20,8,8,5,2,0,25,14,45,9,39,22,18,13,17,10,10,2,33,15,14,6,27,14,21,8,62,39,27,8,39,19,19,3,23,10,8,3
Marinko Matosevic,6,1,6,4,56,29,56,21,29,17,35,12,27,20,21,5,18,9,23,9,31,18,28,8,7,4,5,2,9,5,14,8,27,13,29,9,17,7,11,3,3,3,2,1,18,9,28,10,21,12,17,8,13,7,4,2,21,14,19,6,16,11,10,3,38,22,24,10,22,11,14,4,16,9,10,3
Juan Ignacio Chela,21,15,22,8,148,83,151,70,83,50,81,31,65,32,70,27,50,30,50,19,65,38,74,34,33,21,27,13,30,15,31,10,58,31,59,20,48,27,48,22,12,5,13,6,46,28,49,22,54,28,46,19,26,13,29,12,46,22,49,19,39,21,36,17,91,50,71,31,50,27,40,13,41,23,31,11
Tatsuma Ito,7,3,7,3,62,35,64,25,35,20,39,10,27,14,25,9,20,12,29,4,29,23,26,12,13,8,9,5,12,8,25,6,31,23,18,9,14,8,16,6,5,3,5,3,27,17,15,7,16,8,19,6,9,4,8,3,18,9,20,7,12,7,11,4,29,12,22,5,12,8,17,5,17,9,5,2
Somdev Devvarman,6,4,6,1,47,26,47,12,26,18,35,15,21,13,12,7,18,9,20,9,21,11,20,5,8,4,7,4,9,2,11,2,20,12,24,3,14,9,8,3,4,2,4,2,19,10,23,5,17,10,8,2,7,4,5,1,19,10,11,2,11,8,6,3,30,13,9,3,13,7,6,3,17,7,3,2
Jesse Huta Galung,0,0,0,0,19,13,19,8,13,5,11,3,6,4,8,4,5,2,8,1,12,6,7,3,2,0,4,2,2,1,7,1,9,3,5,0,6,3,5,1,2,0,2,1,4,3,6,3,9,6,4,1,3,3,2,0,7,6,6,1,6,1,3,1,5,3,6,3,3,2,3,2,2,2,3,2
Florian Mayer,16,10,16,3,160,92,165,63,92,56,102,41,68,44,63,27,56,42,61,24,80,54,77,35,24,15,27,8,42,27,37,12,68,45,66,24,41,26,54,19,9,5,8,2,60,39,54,17,49,32,59,23,20,15,25,9,53,35,53,21,32,17,39,15,74,46,69,25,46,24,44,10,28,17,25,11
Michael Russell,37,26,37,13,129,68,126,50,68,31,76,28,61,36,51,25,31,22,48,12,73,43,54,17,25,13,25,4,22,13,36,11,53,27,49,11,43,25,37,14,12,5,4,3,36,24,49,20,51,32,34,13,23,13,15,7,43,20,41,17,31,11,21,8,65,41,51,19,41,23,32,14,24,14,19,12
Jack Sock,14,9,16,3,78,50,77,30,50,33,47,17,28,20,30,11,33,17,30,9,37,24,36,11,8,4,11,4,17,12,21,7,40,28,34,10,17,11,18,10,4,3,4,2,33,21,31,10,23,17,18,7,9,3,12,4,29,17,21,4,9,7,15,7,36,26,23,12,26,15,11,2,10,6,12,3
Marc Gicquel,0,0,0,0,32,17,32,9,17,14,23,8,15,11,9,1,14,8,15,7,14,6,16,5,4,3,1,1,8,5,8,3,12,9,18,5,11,6,5,1,1,1,1,0,12,8,16,4,9,5,9,2,6,3,2,2,9,5,11,5,7,2,2,0,9,7,14,4,7,5,10,5,2,1,4,2
Bobby Reynolds,0,0,0,0,19,11,19,11,11,8,8,1,8,3,11,3,8,5,7,2,6,6,9,2,5,3,3,2,5,2,5,1,9,4,9,6,3,2,3,0,2,1,2,0,7,4,4,1,7,5,9,3,2,1,2,1,8,2,7,4,3,3,4,0,16,10,14,3,10,7,11,3,6,4,3,0
Andrey Golubev,4,0,4,1,26,14,28,12,14,6,16,7,12,3,12,5,6,3,9,3,11,3,14,3,9,5,5,3,3,2,6,1,6,3,14,3,13,4,5,4,4,2,3,2,4,2,12,2,7,5,4,0,11,7,5,4,7,2,6,3,9,5,1,1,29,14,5,3,14,6,2,0,15,11,3,1
Carlos Berlocq,0,0,0,0,30,12,31,8,12,6,23,11,18,8,8,3,6,5,12,3,14,10,16,6,10,6,3,1,5,5,9,5,11,5,13,8,10,5,8,3,4,3,1,0,5,4,10,2,11,5,13,5,8,5,4,2,6,3,10,5,11,4,7,3,15,4,17,3,4,1,14,7,11,5,3,2
Fabio Fognini,10,5,9,3,178,112,175,74,112,66,101,39,66,41,74,32,66,41,62,19,87,63,81,24,25,18,32,10,39,25,43,16,88,58,76,32,42,22,46,19,7,2,10,4,72,44,60,15,52,34,59,27,22,14,25,11,62,39,47,17,32,18,41,20,73,30,64,25,30,18,39,13,43,20,25,12
Juan Carlos Ferrero,23,13,22,10,84,46,83,27,46,29,57,19,38,19,27,10,29,23,38,16,36,20,36,12,19,16,10,1,23,16,22,5,26,15,40,15,32,20,21,8,3,0,1,1,22,13,30,9,31,22,28,8,12,3,8,1,31,18,29,8,12,10,15,5,39,26,31,9,26,18,22,7,13,8,9,3
Dudi Sela,14,8,14,5,41,22,42,6,22,12,36,9,19,10,6,2,12,10,27,6,20,10,13,3,9,3,2,0,10,8,21,7,12,10,16,7,13,5,5,2,6,4,0,0,12,9,16,8,7,5,10,4,12,6,2,1,8,4,14,3,8,2,5,1,8,7,17,6,7,5,11,5,1,0,6,1
Juan Monaco,68,46,67,25,247,144,248,99,144,95,149,64,103,69,99,32,95,64,85,25,118,74,131,56,34,23,32,9,64,39,60,17,105,72,100,49,67,36,79,34,11,6,9,5,97,60,67,31,69,42,95,35,37,20,38,8,79,51,91,44,47,24,65,23,98,66,165,62,66,36,103,40,32,16,62,22
Sergei Bubka,0,0,0,0,14,9,15,8,9,2,7,3,5,5,8,1,2,1,4,0,12,8,10,5,0,0,1,0,1,1,4,3,9,6,5,2,4,0,6,1,0,0,0,0,6,6,6,1,3,1,7,1,4,1,1,1,1,1,7,2,3,1,1,0,1,1,4,0,1,1,4,1,0,0,0,0
Marsel Ilhan,0,0,0,0,13,6,13,3,6,4,10,1,7,3,3,1,4,2,9,0,5,4,3,1,4,4,1,0,2,1,9,4,6,4,2,0,5,4,2,0,0,0,0,0,5,4,6,1,6,2,2,1,1,0,0,0,3,0,2,0,4,2,1,1,8,3,0,0,3,2,0,0,5,2,0,0
Malek Jaziri,4,0,4,1,38,18,37,10,18,11,27,6,20,10,10,4,11,6,21,9,17,8,12,0,10,5,4,3,6,3,12,7,13,6,21,14,14,8,1,0,5,3,3,1,9,4,14,5,15,11,15,8,9,8,2,1,16,9,12,4,12,8,9,3,28,15,15,3,15,10,12,3,13,8,3,1
Diego Junqueira,0,0,0,0,13,6,14,3,6,3,11,5,7,4,3,1,3,1,6,1,7,5,7,6,3,0,1,0,1,1,5,1,7,3,2,0,2,1,7,0,3,2,0,0,3,1,3,1,5,2,7,4,3,0,0,0,4,2,4,0,3,2,4,2,11,6,3,0,6,2,3,1,5,3,0,0
Guillermo Garcia-Lopez,38,26,37,18,147,89,146,47,89,52,99,26,58,32,47,18,52,36,73,25,69,37,55,15,26,20,18,5,36,20,47,18,53,37,65,26,52,26,28,8,6,6,5,1,53,34,57,24,42,26,46,9,32,16,12,5,45,27,60,23,32,17,16,6,69,38,50,21,38,24,29,8,31,20,21,12
Jean-Rene Lisnard,0,0,0,0,14,4,14,1,4,3,13,4,10,7,1,0,3,1,9,1,8,2,5,3,3,2,0,0,1,0,8,3,4,3,3,0,8,4,3,3,1,0,0,0,4,3,6,4,5,1,0,0,4,4,3,1,2,2,4,2,8,4,2,0,4,2,6,2,2,2,4,1,2,0,2,1
Nikolay Davydenko,10,9,10,5,84,46,85,24,46,25,61,28,38,22,24,11,25,14,33,10,43,28,41,14,16,7,11,6,14,10,23,8,39,21,37,10,22,9,19,8,9,5,5,0,25,13,35,13,27,12,21,6,18,7,13,4,24,16,28,7,22,15,15,7,36,21,26,11,21,15,15,4,15,7,11,4
Alexandr Dolgopolov,42,22,42,16,261,177,268,107,177,119,161,63,84,44,107,45,119,77,98,34,102,67,125,47,40,21,45,19,77,60,64,14,109,68,112,46,56,30,73,32,19,10,19,8,85,56,80,27,71,47,87,32,36,19,43,15,76,58,82,33,43,26,60,28,99,55,132,69,55,31,63,28,44,31,69,30
Marcel Granollers,4,3,4,4,94,53,98,36,53,31,62,19,41,25,36,15,31,20,43,11,47,26,40,10,16,8,15,6,20,14,32,13,37,17,41,18,29,11,19,7,8,6,6,2,23,14,36,10,31,17,30,8,24,14,11,3,26,17,32,11,28,16,16,7,46,27,34,14,27,18,20,4,19,12,14,4
Nuria Llagostera Vives,1,1,0,0,28,10,29,12,10,7,17,9,18,12,12,4,7,6,8,4,15,8,17,4,6,5,4,1,6,3,4,1,9,6,17,8,12,8,7,2,1,1,1,0,9,4,10,5,11,6,13,5,5,2,3,0,11,6,13,8,7,3,8,4,19,9,26,13,9,5,13,7,10,7,13,6
Iveta Benesova,6,2,6,3,82,45,85,35,45,30,50,24,37,26,35,18,30,13,26,9,41,20,41,18,11,6,18,4,13,7,17,7,37,18,32,14,27,16,32,9,5,2,4,2,24,11,25,8,35,19,37,8,13,9,11,2,32,23,37,17,25,17,17,6,65,36,58,26,36,17,32,14,29,20,26,10
Ekaterina Bychkova,0,0,0,0,8,3,8,5,3,2,3,3,5,4,5,2,2,2,0,0,5,2,6,1,1,0,2,0,2,1,0,0,2,1,5,1,3,2,3,1,1,0,0,0,2,2,4,0,3,0,3,1,1,0,1,0,0,0,2,0,3,2,2,0,5,4,3,0,4,1,3,1,1,0,0,0
Silvia Soler-Espinosa,16,11,15,10,55,22,58,16,22,7,42,22,33,18,16,6,7,4,20,10,33,22,32,13,15,9,6,1,4,3,10,1,25,13,29,14,20,12,18,3,6,3,1,0,14,7,16,3,24,10,29,13,11,3,4,2,17,12,19,8,17,7,15,5,24,15,35,15,15,9,20,7,9,6,15,5
Johanna Larsson,5,5,5,2,21,12,21,7,12,8,14,5,9,6,7,3,8,4,9,2,10,4,9,4,3,3,3,1,4,4,7,4,8,5,7,0,9,6,6,3,0,0,1,1,5,1,11,2,9,4,3,1,3,2,3,1,8,2,4,1,7,4,3,0,21,12,6,2,12,5,4,2,9,4,2,2
Bojana Jovanovski,15,5,15,4,74,35,71,27,35,17,44,22,39,15,27,8,17,8,22,4,33,15,41,15,24,15,8,1,8,3,18,9,24,12,30,8,33,21,22,9,9,4,1,1,17,6,31,9,33,23,21,9,16,12,9,4,34,13,21,8,22,6,14,6,47,24,35,13,24,17,22,10,23,13,13,4
Shahar Peer,22,7,22,9,80,37,79,34,37,22,45,19,43,24,34,15,22,13,26,11,39,20,38,13,19,5,15,7,13,6,15,8,29,17,36,22,24,18,21,12,14,4,7,4,24,13,22,8,30,16,31,15,10,6,15,8,27,18,24,5,20,12,22,10,37,22,32,12,22,13,20,10,15,7,12,7
Sania Mirza,6,4,6,3,46,24,46,21,24,12,25,12,22,9,21,8,12,4,13,3,21,11,25,10,13,7,8,4,4,3,10,3,19,9,18,8,17,8,14,4,6,1,4,1,10,4,13,3,17,6,18,10,11,9,7,6,12,7,11,6,20,10,11,4,22,14,25,11,14,8,14,6,8,2,11,5
Reka-Luca Jani,5,1,5,2,15,6,14,3,6,1,11,6,9,6,3,2,1,1,5,0,11,6,7,3,3,2,2,1,1,1,5,1,6,3,4,3,7,5,4,2,1,1,1,0,3,2,2,0,8,5,5,1,3,1,3,1,6,3,4,2,4,2,3,3,9,4,3,1,4,4,2,0,5,4,1,0
Sloane Stephens,30,19,28,13,128,75,128,50,75,38,78,35,53,31,50,20,38,20,43,22,68,40,65,34,22,11,20,9,20,13,21,11,58,34,53,23,39,18,45,19,11,5,9,3,41,22,41,21,42,22,49,25,26,14,25,11,41,27,45,16,34,16,39,15,57,30,77,36,30,19,41,19,27,16,36,18
Ksenia Pervak,6,3,6,2,36,16,36,17,16,6,19,7,20,13,17,4,6,3,12,5,23,13,20,11,7,3,4,1,3,0,7,3,16,9,14,4,13,7,14,5,4,2,1,1,12,6,13,2,14,4,13,5,8,2,5,1,10,6,10,2,12,4,9,5,11,3,9,3,3,3,6,2,8,3,3,2
Alison Riske,0,0,0,0,15,5,16,5,5,2,11,5,10,1,5,2,2,1,6,4,4,1,8,0,9,7,2,0,1,0,2,1,2,2,12,5,10,5,2,1,2,1,0,0,3,1,8,0,5,2,6,3,6,2,1,1,4,2,3,1,5,2,3,2,10,2,3,1,2,1,2,0,8,5,1,0
Galina Voskoboeva,0,0,0,0,38,19,37,14,19,13,23,9,19,15,14,3,13,10,14,6,21,11,20,10,4,2,3,2,10,9,8,5,14,9,16,7,12,7,11,4,2,0,2,1,10,5,14,5,12,8,14,4,5,3,5,1,13,9,15,5,7,2,8,2,11,5,26,8,5,3,18,9,6,3,8,2
Jill Craybas,0,0,0,0,9,3,9,5,3,3,4,2,6,4,5,1,3,1,2,2,4,3,6,1,2,0,1,1,1,1,0,0,5,1,7,4,1,0,1,0,2,1,1,0,1,1,3,2,4,3,5,1,2,2,1,0,3,2,6,1,3,1,2,0,4,2,4,2,2,1,2,0,2,1,2,1
Madison Keys,0,0,0,0,33,17,31,17,17,9,14,6,16,11,17,7,9,5,8,4,19,14,16,4,5,1,7,5,5,4,4,1,18,9,16,9,6,3,6,3,4,4,5,3,10,4,8,3,12,6,12,4,7,3,5,1,12,8,11,5,9,5,8,3,16,9,17,4,9,5,13,5,7,3,4,2
Alexandra Panova,0,0,0,0,27,17,25,7,17,8,18,6,10,4,7,4,8,4,12,4,13,3,9,4,6,0,4,1,4,3,8,3,7,2,9,2,10,3,7,3,6,2,1,0,3,3,10,2,8,6,6,2,9,3,4,1,6,3,6,2,5,4,5,4,10,2,15,5,2,1,10,7,8,2,5,0
Christina McHale,16,10,16,9,111,58,115,49,58,29,66,27,53,31,49,20,29,15,39,19,60,33,56,26,22,7,20,7,15,9,20,10,47,33,49,20,34,23,39,20,15,9,7,4,39,23,39,20,37,21,39,17,20,12,23,7,37,19,42,21,28,18,33,16,63,33,89,39,33,17,50,22,30,11,39,10
Aleksandra Wozniak,13,5,13,8,52,30,52,28,30,17,24,10,22,13,28,11,17,10,14,8,26,13,27,8,9,6,11,6,10,6,6,1,20,10,27,10,19,8,13,7,3,1,6,3,14,8,18,11,18,12,16,6,12,9,10,3,18,10,21,9,15,8,13,5,24,17,28,10,17,12,18,8,7,3,10,7
Bethanie Mattek-Sands,17,12,17,7,90,51,90,36,51,28,54,23,39,20,36,16,28,18,31,13,43,21,43,19,19,9,16,7,18,11,18,5,31,18,37,13,31,17,28,7,10,5,7,5,25,16,29,12,30,15,34,13,19,7,9,4,24,12,33,11,22,11,18,7,48,23,57,27,23,10,30,19,25,12,27,11
Polona Hercog,7,4,8,2,32,20,35,14,20,11,21,10,12,3,14,5,11,10,11,4,12,10,19,8,9,6,5,2,10,7,7,2,11,8,15,5,8,6,11,4,3,1,2,2,11,6,12,2,9,6,12,8,3,2,4,1,11,7,6,2,5,1,11,6,12,7,19,12,7,4,7,4,5,4,12,4
Vesna Dolonts,0,0,0,0,16,6,18,10,6,3,8,2,10,6,10,4,3,2,6,3,9,6,8,5,4,4,4,2,2,2,3,0,7,2,6,4,7,2,7,0,0,0,2,1,2,2,2,1,7,4,11,4,5,3,1,1,4,2,8,0,6,2,4,0,7,2,6,2,2,1,4,1,5,2,2,1
Alona Bondarenko,0,0,0,0,17,8,17,3,8,7,14,5,9,3,3,1,7,6,9,1,4,1,7,2,6,3,1,0,6,1,8,2,2,2,6,3,6,3,3,1,3,3,0,0,7,6,5,2,3,0,5,3,6,2,1,1,1,0,4,2,5,5,3,0,13,6,6,0,6,2,6,1,7,3,0,0
Arantxa Rus,11,7,11,7,105,51,107,46,51,20,61,18,54,34,46,18,20,10,43,16,65,25,46,23,20,11,18,9,10,4,27,11,35,20,39,12,51,30,32,12,9,5,9,4,26,14,38,9,45,18,32,14,26,14,17,9,30,17,27,14,41,22,22,12,71,32,48,24,32,17,24,12,39,21,24,12
Vania King,11,6,11,4,101,46,100,52,46,24,48,24,55,32,52,25,24,14,24,11,54,24,51,30,23,8,25,12,14,9,13,2,34,15,32,14,38,20,43,16,15,7,12,7,20,7,20,8,39,26,41,21,25,9,21,8,39,20,28,10,22,15,34,17,63,29,46,19,29,14,27,9,34,14,19,9
Pauline Parmentier,6,4,6,3,60,29,62,30,29,18,32,13,31,20,30,13,18,15,19,4,31,12,30,8,11,8,13,7,15,9,15,8,15,6,26,9,27,17,14,7,3,3,7,4,12,10,25,8,26,11,16,2,13,10,10,6,13,8,22,3,25,12,6,3,32,14,10,3,14,6,7,2,18,7,3,1
Akgul Amanmuradova,0,0,0,0,30,19,29,13,19,9,16,8,11,6,13,4,9,5,8,4,16,8,17,3,5,5,4,1,5,4,4,1,12,9,18,3,13,5,6,2,0,0,1,0,10,7,16,4,8,5,7,3,8,3,3,2,8,5,8,4,6,3,4,2,8,5,18,9,5,4,9,6,3,1,9,3
Jie Zheng,6,5,6,2,115,74,116,52,74,36,64,24,41,16,52,27,36,19,40,13,54,31,49,24,25,14,27,10,19,9,27,4,48,28,38,18,37,22,41,16,11,4,10,3,38,21,24,8,42,26,43,15,19,9,23,15,43,21,36,13,25,13,23,9,67,44,45,20,44,22,25,10,23,10,20,12
Alize Cornet,5,1,6,2,77,37,78,40,37,15,38,14,40,25,40,19,15,9,24,8,47,26,35,17,15,10,19,8,9,5,16,5,32,11,26,8,31,18,28,15,5,3,8,5,15,8,23,4,39,20,21,9,16,10,18,7,27,13,16,8,29,13,20,8,63,31,36,15,31,14,21,7,32,19,15,6
Gisela Dulko,0,0,0,0,47,28,49,23,28,13,26,11,19,11,23,10,13,7,16,9,26,15,23,9,8,7,10,4,7,5,6,3,21,9,24,10,18,9,15,8,1,0,4,1,11,8,17,10,21,8,17,7,9,7,11,4,11,5,20,8,20,6,14,3,23,11,41,21,11,6,20,9,12,6,21,8
Michaella Krajicek,0,0,0,0,15,11,15,4,11,4,11,2,4,2,4,1,4,2,9,3,9,6,5,1,2,1,1,0,2,1,6,1,8,4,7,1,4,0,2,0,1,0,0,0,5,3,7,2,4,0,3,1,4,2,0,0,2,2,4,0,6,1,1,0,2,1,1,0,1,0,1,0,1,0,0,0
Petra Martic,7,4,7,4,74,43,76,31,43,25,45,15,31,14,31,9,25,12,30,10,32,17,37,18,17,8,9,0,12,7,20,7,30,18,29,16,23,17,27,14,9,6,0,0,23,16,20,9,29,15,29,9,12,4,14,7,22,13,29,17,18,12,16,8,39,22,66,24,22,13,42,23,17,9,24,6
Anastasia Pavlyuchenkova,16,10,14,11,169,95,170,77,95,52,93,29,74,40,77,36,52,33,64,20,83,50,70,29,34,17,36,16,33,20,44,14,68,39,61,30,51,27,49,20,17,8,16,8,52,31,45,21,57,26,59,23,31,19,28,17,47,28,57,27,50,27,34,16,102,59,108,55,59,27,53,30,43,24,55,22
Chanelle Scheepers,6,5,6,0,52,25,53,18,25,12,35,15,27,14,18,12,12,6,20,6,27,16,21,13,13,4,12,5,6,4,14,6,22,13,14,5,15,5,20,13,9,3,5,1,15,6,15,7,14,9,12,5,13,6,17,8,18,10,14,6,11,7,14,9,24,9,34,15,9,3,19,10,15,3,15,2
Mirjana Lucic,10,3,11,4,37,19,35,13,19,11,22,4,18,9,13,4,11,6,18,7,17,11,13,2,9,7,4,2,6,5,11,1,16,10,18,5,13,4,4,0,2,0,2,0,11,7,14,5,10,6,9,4,9,4,2,1,10,7,10,3,8,5,5,3,19,12,16,3,12,6,13,8,7,5,3,0
Lucie Safarova,14,5,15,6,99,49,101,39,49,25,62,32,50,29,39,21,25,13,30,15,53,33,50,20,21,7,21,10,13,8,15,7,45,23,45,22,27,14,31,13,14,10,10,4,28,16,30,12,36,21,40,17,23,14,19,8,33,21,35,12,29,19,28,12,49,29,54,27,29,18,27,12,20,7,27,13
Angelique Kerber,18,8,19,6,213,131,214,119,131,65,95,49,82,52,119,55,65,44,46,19,118,68,113,58,30,18,55,22,44,30,27,12,89,54,74,40,68,39,91,44,12,7,22,12,68,42,46,17,74,45,87,40,36,17,54,25,71,46,64,33,46,26,69,33,117,70,144,71,69,35,73,35,47,32,71,31
Agnieszka Radwanska,25,16,26,9,298,197,293,148,196,114,145,58,101,57,148,84,114,68,87,40,139,80,122,60,44,27,84,41,68,44,47,17,126,72,102,47,86,50,103,54,17,11,41,22,96,55,72,24,104,60,96,46,47,27,73,33,101,59,74,43,71,38,86,49,174,95,138,61,95,48,77,33,79,47,61,36
Laura Pous-Tio,0,0,0,0,25,13,25,8,13,4,17,6,12,8,8,7,4,2,11,5,17,9,7,2,4,1,7,3,2,1,6,1,11,6,10,4,9,5,6,2,3,1,3,2,7,3,7,2,10,5,8,3,5,3,3,0,9,4,7,1,8,2,6,2,17,6,11,6,6,1,5,1,11,5,6,1
Romina Oprandi,0,0,0,0,59,36,61,30,36,20,31,16,23,11,30,16,20,11,15,7,27,19,30,15,12,5,16,9,11,5,8,3,28,16,22,6,13,8,22,11,7,1,9,6,22,11,19,6,20,11,17,4,6,4,14,3,22,10,19,7,13,5,15,4,34,19,32,13,19,9,19,6,15,7,13,5
Anastasiya Yakimova,0,0,0,0,15,9,16,7,9,5,9,2,6,3,7,4,5,0,7,2,7,1,5,1,3,1,4,2,0,0,5,2,6,2,6,2,7,5,3,2,2,1,2,0,2,0,6,4,9,3,3,3,3,1,4,1,5,2,4,2,7,3,6,1,9,4,15,5,4,2,10,4,5,1,5,1
Coco Vandeweghe,6,3,6,2,26,9,27,6,9,3,21,6,17,9,6,3,3,2,15,7,15,11,9,3,8,4,3,1,2,1,8,4,12,6,13,4,8,5,5,2,4,2,1,1,7,3,13,5,11,8,7,2,5,3,2,2,12,7,10,4,6,0,2,0,17,11,12,3,11,3,9,3,6,4,3,0
Samantha Stosur,50,27,50,18,259,154,255,113,154,99,143,65,105,72,113,50,99,69,78,35,127,83,127,65,33,14,50,29,69,50,43,12,113,75,97,36,58,37,86,41,19,12,29,14,94,62,73,31,75,46,81,41,33,24,56,27,78,49,71,30,53,38,70,38,126,74,132,61,74,46,71,37,52,31,61,28
Irina Falconi,10,5,11,7,65,32,63,25,32,18,38,17,33,20,25,11,18,10,21,8,34,19,31,11,13,9,11,2,10,4,13,4,27,9,28,13,24,9,20,10,4,0,2,0,15,9,19,7,27,11,23,15,15,6,12,8,17,9,15,5,22,9,19,10,22,8,26,8,8,6,18,6,14,3,8,2
Anabel Medina Garrigues,19,9,20,9,54,31,57,28,31,14,29,10,23,16,28,6,14,10,19,12,33,20,32,13,6,2,6,2,10,6,7,4,24,18,31,12,15,8,17,7,4,1,2,0,22,12,23,10,14,8,22,9,8,3,9,2,18,10,23,11,9,6,16,7,27,17,33,16,17,11,17,7,10,7,16,10
Kateryna Bondarenko,5,2,5,1,40,23,42,18,23,13,24,9,17,11,18,8,13,6,15,7,21,12,19,8,6,2,8,2,6,2,8,1,19,8,18,6,11,7,14,5,4,1,2,2,12,4,13,3,18,9,15,8,5,2,5,4,17,9,10,5,11,6,9,5,22,12,16,7,12,9,9,3,10,5,7,3
Carla Suarez Navarro,0,0,0,0,68,41,70,29,41,19,41,17,27,13,29,13,19,9,24,9,35,18,33,10,14,6,13,6,9,5,15,6,28,13,32,7,23,12,17,7,8,5,6,4,17,7,31,12,27,12,17,6,16,8,9,2,22,12,23,4,23,12,13,6,45,28,23,13,28,15,10,3,17,10,13,4
Monica Niculescu,4,0,5,2,69,32,68,30,32,20,38,17,37,15,30,16,20,8,21,12,27,15,31,15,22,11,16,5,8,4,9,4,27,15,28,17,23,14,26,11,11,6,5,2,19,14,15,4,26,15,32,19,15,9,14,6,20,10,17,8,20,9,27,15,37,21,39,22,21,11,17,9,16,8,22,12
Marcos Daniel,0,0,0,0,6,1,5,2,1,0,3,0,5,0,2,0,0,0,3,1,1,0,2,1,5,1,0,0,0,0,2,0,0,0,2,0,2,0,1,0,4,0,0,0,0,0,2,1,0,0,1,1,2,0,0,0,0,0,1,0,0,0,1,0,0,0,5,3,0,0,2,1,0,0,3,0
Florent Serra,23,12,24,4,62,40,63,27,40,23,36,8,22,10,27,12,23,10,28,8,27,15,23,7,12,7,12,2,10,7,20,4,28,14,24,8,19,14,17,6,5,2,2,0,17,11,20,5,28,20,19,2,7,3,8,4,26,13,22,10,11,8,6,4,40,26,16,3,26,12,13,3,14,5,3,2
Richard Berankis,0,0,0,0,35,24,34,12,24,15,22,8,11,5,12,4,15,10,15,5,14,8,15,8,6,4,3,1,10,6,10,4,13,7,12,4,10,4,10,8,2,1,1,0,11,8,13,4,10,5,6,5,7,3,9,3,8,4,5,2,8,5,11,6,18,11,10,7,11,6,3,1,7,4,7,5
Matthew Ebden,14,11,14,5,55,38,55,30,38,21,25,10,17,8,30,9,21,10,15,8,25,18,31,13,9,7,9,4,10,8,7,3,29,21,26,5,14,6,18,8,2,1,4,2,23,17,24,11,14,4,15,8,9,6,10,5,10,5,18,11,16,8,13,6,21,14,35,12,14,8,23,8,7,2,12,3
Potito Starace,5,2,5,1,46,31,45,18,31,19,27,8,15,8,19,4,19,16,19,4,20,10,23,4,7,3,4,1,16,12,15,3,13,6,23,5,13,4,7,0,4,3,1,0,10,5,21,5,11,9,12,2,12,5,1,0,14,9,15,6,7,3,3,2,23,14,9,2,14,6,7,0,9,7,2,0
Carsten Ball,6,3,6,2,23,17,22,8,17,12,13,5,6,3,9,4,12,8,8,5,8,5,10,2,3,1,4,1,8,7,3,2,9,4,13,6,4,3,5,1,2,1,1,0,5,4,9,2,8,6,10,3,2,1,2,2,7,5,9,1,3,2,3,2,5,3,2,1,3,3,1,0,2,1,1,1
Pere Riba,6,4,6,3,51,28,52,19,26,15,33,8,25,12,19,9,15,8,25,7,23,16,18,7,13,7,9,3,9,5,18,2,22,9,18,7,14,9,13,3,6,3,3,2,13,9,13,3,23,13,17,3,7,2,4,2,17,10,17,4,11,5,5,1,16,5,10,2,5,3,8,1,11,2,2,1
Grega Zemlja,16,9,16,6,79,48,81,24,48,29,57,22,31,17,24,6,29,22,35,10,36,25,40,15,14,9,6,2,22,17,25,10,32,24,35,8,20,12,19,8,5,2,2,0,29,20,37,13,20,13,19,9,10,8,10,2,22,14,23,4,15,10,17,7,41,25,27,8,25,12,19,7,16,10,8,2
Marco Crugnola,0,0,0,0,12,4,12,6,4,2,6,0,8,6,6,2,2,0,6,2,8,4,4,1,2,2,2,1,0,0,4,1,6,2,5,2,6,3,2,0,0,0,1,1,2,1,4,1,7,6,4,0,3,3,0,0,7,3,5,2,4,0,0,0,5,1,2,0,1,1,2,0,4,1,0,0
Frank Dancevic,0,0,0,0,14,9,15,4,9,7,11,5,5,3,4,1,7,3,6,1,5,0,8,2,2,1,1,0,3,3,5,0,4,1,7,3,6,4,3,1,1,0,0,0,1,0,4,1,7,2,5,3,2,2,1,1,3,1,3,1,7,3,3,2,10,6,2,0,6,4,2,0,4,3,0,0
Rainer Schuettler,0,0,0,0,24,11,24,10,11,5,14,1,14,8,10,3,5,3,13,4,14,5,8,2,6,4,3,0,3,2,9,3,7,3,10,2,13,6,5,1,2,1,0,0,4,4,11,4,10,8,6,0,8,5,1,1,8,3,10,3,7,6,0,0,25,9,6,1,9,3,5,2,16,8,1,0
Peter Luczak,4,2,5,0,15,9,15,6,9,4,9,2,6,5,6,0,4,2,7,1,10,5,8,3,1,1,0,0,2,2,6,1,7,3,6,0,6,4,3,1,0,0,0,0,3,1,7,2,8,5,2,0,2,2,1,0,7,4,4,0,5,5,1,0,14,9,6,3,9,5,3,2,5,2,3,0
Jan Hajek,0,0,0,0,36,23,39,13,23,14,26,9,13,10,13,2,14,9,17,4,19,8,20,6,3,1,2,0,9,4,13,8,13,7,18,6,12,5,8,1,2,0,0,0,12,9,20,9,11,6,13,2,7,4,1,0,9,4,20,8,9,5,3,0,15,5,25,9,5,4,16,5,10,4,9,0
Simon Greul,12,7,11,2,16,7,16,10,7,2,6,1,9,6,10,5,2,2,5,0,11,2,6,0,3,0,5,2,2,1,5,2,2,1,6,2,9,3,3,2,3,1,2,1,1,0,6,3,5,2,3,1,7,5,3,1,3,1,5,1,8,6,3,1,14,10,5,2,10,6,3,2,4,3,2,2
Teymuraz Gabashvili,5,2,5,1,32,19,33,9,19,10,24,11,13,9,9,1,10,6,13,6,18,11,19,4,4,2,1,0,6,3,7,3,15,10,21,6,9,4,5,0,2,1,0,0,13,9,18,6,9,5,11,3,6,4,0,0,9,6,14,5,8,6,3,2,20,13,12,1,13,7,11,5,7,5,1,0
Thiemo de Bakker,6,4,6,3,24,12,23,7,12,7,16,5,12,7,7,3,7,4,11,3,12,10,9,2,5,1,3,2,4,1,8,2,13,5,10,2,3,2,3,1,4,3,2,0,8,5,10,3,10,5,4,2,4,2,3,2,8,1,5,2,7,7,3,2,26,13,4,1,13,8,3,1,13,7,1,1
Sam Querrey,65,40,66,22,214,134,215,68,134,94,147,57,80,53,68,20,94,68,90,27,93,65,105,30,27,24,20,3,67,43,63,14,91,62,102,39,52,37,47,19,3,2,3,2,86,51,77,25,66,47,67,24,17,11,20,5,81,49,68,18,30,21,39,18,92,63,74,16,63,39,58,23,29,15,16,4
Blaz Kavcic,10,5,10,6,99,57,97,34,57,40,63,30,42,23,34,11,40,26,33,12,40,24,53,18,19,13,11,1,26,13,21,11,38,24,47,12,29,20,28,9,6,1,1,1,37,22,46,20,34,18,31,13,10,6,9,4,33,18,38,16,22,12,18,10,52,25,43,18,25,13,25,9,27,13,18,8
Eduardo Schwank,9,6,9,2,27,16,28,9,16,8,19,6,11,4,9,3,8,4,13,6,12,8,12,5,7,6,3,1,4,2,7,2,12,9,13,2,10,7,7,1,1,1,1,0,11,4,13,1,10,5,8,1,4,3,2,1,12,6,8,0,8,4,2,0,19,13,4,1,13,6,3,1,6,2,1,0
Illya Marchenko,0,0,0,0,12,5,13,2,5,3,11,4,7,5,2,1,3,1,7,6,7,2,5,0,2,0,1,1,1,0,1,0,4,3,11,9,5,3,0,0,2,0,1,0,4,2,2,0,4,2,9,1,2,1,1,0,4,3,8,3,3,1,2,1,3,2,4,0,2,1,4,0,1,0,0,0
Philipp Kohlschreiber,72,48,73,25,229,152,233,78,152,90,155,50,77,48,78,23,90,68,105,45,110,71,105,40,29,23,23,6,68,48,60,21,93,60,110,41,62,42,57,24,6,3,6,5,80,63,90,30,75,52,74,25,23,17,25,8,69,41,78,29,40,28,42,21,103,72,78,23,72,46,55,16,31,21,23,11
Ivan Dodig,9,8,9,2,43,27,42,10,27,16,32,12,16,6,10,2,16,9,20,9,17,7,20,5,10,5,2,0,9,6,11,2,14,9,24,9,15,8,7,1,5,4,0,0,12,6,17,7,13,4,15,3,11,8,1,0,10,3,19,4,17,7,4,1,32,18,10,3,18,8,7,0,14,8,3,0
Frederico Gil,6,3,5,1,43,20,43,13,20,12,30,11,23,13,13,5,12,6,19,8,21,10,19,6,10,7,5,3,6,4,11,3,16,9,21,3,18,11,8,4,3,1,3,1,11,7,21,3,18,13,7,3,8,5,6,1,17,6,7,5,10,5,8,1,33,21,25,6,21,9,19,9,12,5,6,2
Tommy Robredo,0,0,0,0,53,36,54,19,36,23,35,11,17,10,19,9,23,15,24,9,23,16,21,9,7,5,9,4,15,11,15,2,24,13,21,8,12,8,14,6,2,2,4,3,17,10,15,8,19,12,16,7,6,6,7,2,19,13,17,8,13,9,12,5,32,16,31,7,16,8,24,13,16,9,7,4
Jan Hernych,0,0,0,0,13,6,13,2,6,3,11,2,7,2,2,1,3,2,9,5,5,4,3,0,5,3,1,0,2,0,4,1,5,4,8,3,4,3,1,0,2,1,0,0,6,1,6,1,4,1,4,2,2,1,0,0,6,3,3,1,4,2,2,1,9,5,4,1,5,3,3,1,4,2,1,0
Jarmila Groth,0,0,0,0,13,6,14,9,6,5,5,1,7,5,9,3,5,3,4,1,6,4,7,3,2,1,3,1,3,3,3,1,6,3,5,3,3,2,5,1,1,1,1,0,3,2,3,0,5,1,7,1,2,1,2,0,2,1,6,2,5,3,3,1,11,8,8,3,8,4,5,3,3,3,3,2
Tathiana Garbin,0,0,0,0,6,1,6,1,1,1,5,1,5,1,1,1,1,0,4,1,1,1,1,0,4,1,1,0,0,0,3,1,2,1,2,0,1,1,1,1,3,1,0,0,1,0,3,1,2,0,0,0,1,0,1,0,1,0,1,0,2,0,1,0,2,1,2,1,1,0,1,0,1,0,1,0
Justine Henin,9,4,9,4,33,20,33,19,20,11,14,5,13,9,19,7,11,9,9,3,18,12,17,7,4,2,7,3,9,5,6,3,14,11,13,6,8,6,11,5,2,1,3,2,15,10,10,6,9,5,11,5,3,1,7,1,10,6,12,5,5,3,11,5,15,8,14,8,8,4,6,2,7,4,8,6
Rebecca Marino,0,0,0,0,40,21,40,13,21,10,26,10,19,9,14,4,10,4,16,5,20,14,21,6,10,7,3,2,4,3,11,4,20,14,20,6,13,4,7,2,3,2,2,2,15,8,18,7,10,7,11,6,11,4,2,1,14,9,12,2,7,3,7,4,16,10,10,6,10,6,4,3,6,4,6,4
Junri Namigata,0,0,0,0,20,9,21,8,8,4,13,6,12,6,8,1,4,1,7,3,11,8,13,3,5,2,1,0,1,0,4,2,11,7,13,4,5,3,4,3,3,2,0,0,8,3,11,6,7,2,5,1,4,1,3,1,7,4,10,3,6,3,3,2,12,5,4,2,5,1,2,0,7,2,2,2
Sara Errani,25,15,24,11,178,97,184,91,97,56,93,49,81,44,91,44,56,33,44,21,85,46,96,35,37,18,44,21,33,18,23,8,69,41,82,36,57,34,58,35,19,9,21,9,56,31,54,26,62,37,59,24,32,17,47,23,62,37,61,33,42,25,48,30,101,54,105,51,54,31,53,34,47,28,51,31
Tamarine Tanasugarn,0,0,0,0,18,7,18,7,7,2,11,5,11,4,7,6,2,1,6,3,9,5,6,2,7,4,6,2,1,0,3,2,6,3,7,1,8,3,6,2,3,0,2,1,4,2,8,3,6,4,5,1,5,2,3,2,6,1,7,1,4,3,2,2,18,6,1,1,6,1,0,0,12,5,1,1
Sofia Arvidsson,0,0,0,0,54,23,55,24,23,9,31,13,31,17,24,8,9,4,18,7,31,16,29,10,14,6,8,3,4,1,11,4,21,8,26,13,21,13,15,8,8,5,3,0,11,6,17,10,26,14,20,8,13,8,11,5,19,10,22,13,20,8,14,6,33,14,39,14,14,7,25,12,19,9,14,8
Evgeniya Rodina,0,0,0,0,32,16,34,17,16,11,17,11,16,7,17,7,11,7,6,4,12,8,21,9,9,3,7,4,7,4,2,1,12,5,16,8,7,3,12,6,6,2,4,3,8,4,9,5,10,5,14,10,6,1,7,3,9,5,9,5,6,0,14,10,11,7,13,1,7,3,12,3,4,3,1,0
Olivia Rogowska,0,0,0,0,24,15,24,12,15,7,12,4,9,5,12,2,7,2,8,2,13,8,14,6,4,3,2,1,2,0,6,1,13,7,10,6,8,3,7,4,1,1,1,0,9,2,5,1,9,2,9,3,6,3,5,1,9,5,7,3,10,4,7,5,18,13,9,5,13,5,4,1,5,2,5,2
Zuzana Ondraskova,0,0,0,0,17,11,19,6,11,6,13,5,6,3,6,1,6,4,8,2,8,3,10,5,3,2,1,0,4,2,6,2,5,3,7,0,7,2,6,3,1,0,0,0,5,4,9,6,4,2,3,0,5,2,3,1,3,3,9,2,4,1,2,1,1,0,9,4,0,0,5,3,1,0,4,1
Regina Kulikova,5,3,5,4,19,9,18,8,9,4,10,3,10,7,8,4,4,1,7,4,12,6,7,4,3,0,4,2,1,1,3,2,9,7,7,1,6,3,6,3,3,0,2,0,7,4,8,3,5,3,4,1,3,3,5,0,6,2,6,3,5,4,6,3,20,11,11,3,11,6,8,4,9,7,3,2
Kathrin Woerle,0,0,0,0,7,3,7,2,3,3,5,1,4,3,2,0,3,1,4,1,3,2,3,1,1,1,0,0,1,0,3,1,4,0,3,1,2,1,1,0,0,0,0,0,1,0,3,0,5,0,2,1,1,0,0,0,1,1,1,0,5,2,1,0,2,0,1,1,0,0,0,0,2,0,1,1
Caroline Garcia,0,0,0,0,52,28,51,24,29,16,27,8,23,7,24,11,15,10,19,8,21,12,21,8,16,9,11,6,10,4,11,5,17,12,21,9,18,9,13,8,7,4,6,3,18,8,17,8,14,7,14,4,13,6,11,5,17,12,17,6,13,5,10,7,21,12,17,11,12,6,7,3,9,5,11,6
Varvara Lepchenko,11,6,12,6,133,67,135,54,67,39,82,35,66,32,53,21,39,25,46,13,60,32,68,27,34,15,21,9,25,18,33,17,46,25,54,22,43,24,39,17,19,10,9,3,32,16,49,24,45,21,44,24,29,18,23,10,37,22,44,21,42,26,37,18,67,35,77,30,35,22,47,22,32,13,30,15
Ayumi Morita,0,0,0,0,89,50,90,42,50,27,48,19,39,21,42,23,27,14,29,15,44,24,38,14,18,10,23,11,14,7,14,6,37,20,39,9,30,21,26,13,8,4,11,7,27,14,36,8,38,18,22,7,13,9,17,4,31,17,23,13,29,12,20,12,42,16,37,11,16,11,26,12,26,11,11,7
Sophie Ferguson,7,3,7,3,13,8,14,5,8,4,9,5,5,5,5,2,4,4,4,1,9,4,8,5,0,0,2,1,4,2,3,1,4,3,4,1,5,3,6,3,0,0,1,0,5,4,4,2,4,2,4,3,2,1,4,3,3,0,3,1,3,3,4,1,16,12,5,0,12,5,5,1,4,3,0,0
Alicia Molik,0,0,0,0,23,14,24,8,14,9,16,7,9,5,8,4,9,3,9,3,10,5,11,6,4,1,4,0,3,1,6,3,11,4,8,4,6,4,10,4,3,3,0,0,6,4,7,1,11,7,10,5,5,2,4,1,9,4,6,3,6,3,8,3,12,8,12,4,8,5,8,2,4,1,4,2
Ekaterina Makarova,20,11,20,9,118,61,121,53,61,31,68,30,57,21,53,24,31,18,38,12,51,33,59,23,36,24,24,10,18,11,26,11,46,32,48,20,42,26,37,18,12,7,10,2,39,25,39,10,40,17,39,22,23,13,26,15,31,15,27,14,36,21,33,14,76,50,62,29,50,26,33,16,26,15,29,16
Dinara Safina,0,0,0,0,6,1,6,3,1,0,3,0,5,2,3,0,0,0,3,0,3,0,3,0,3,3,0,0,0,0,3,1,0,0,3,1,6,0,0,0,0,0,0,0,0,0,3,0,0,0,1,0,6,2,0,0,0,0,1,0,2,1,0,0,3,1,0,0,1,0,0,0,2,1,0,0
Kim Clijsters,38,22,41,23,209,117,205,96,117,69,109,58,92,57,96,50,69,48,51,24,105,66,104,55,35,22,50,23,48,30,27,16,87,56,73,36,61,36,82,42,13,9,23,8,74,52,53,23,67,47,76,41,34,26,57,29,69,45,58,29,46,22,69,31,80,52,135,61,52,29,74,32,28,11,61,25
Lauren Davis,0,0,0,0,22,9,22,8,9,4,14,7,13,9,8,2,4,2,7,1,14,6,13,7,4,1,2,1,2,2,6,3,8,4,7,3,9,6,8,1,3,1,1,0,4,1,7,3,10,4,10,1,4,2,2,1,7,3,12,6,8,3,2,2,12,9,19,12,9,6,7,4,3,2,12,3
Sally Peers,0,0,0,0,9,4,9,3,4,3,6,3,5,2,3,1,3,0,3,1,3,2,5,1,3,3,1,0,0,0,2,0,5,0,5,2,4,3,2,1,0,0,0,0,0,0,3,1,8,2,3,1,1,1,1,1,2,1,3,0,7,6,1,0,8,4,1,0,4,4,1,0,4,1,0,0
Anastasia Rodionova,6,2,6,3,65,36,70,27,36,19,43,23,29,14,27,15,19,6,20,9,31,18,35,12,15,7,15,7,6,1,11,1,31,15,32,17,20,9,20,3,8,3,7,3,20,8,16,7,25,15,33,11,14,7,7,4,27,10,29,12,17,5,14,8,48,30,27,6,30,12,20,8,18,8,6,5
Kirsten Flipkens,5,1,6,3,26,13,26,8,13,5,18,6,13,7,8,3,5,3,12,4,15,7,11,2,6,2,3,2,3,1,8,2,9,5,12,4,10,6,4,2,4,2,2,0,7,5,10,1,10,6,7,3,6,3,3,1,8,4,5,3,7,4,5,1,18,6,9,1,6,4,8,1,12,8,1,0
Sybille Bammer,0,0,0,0,16,10,18,9,10,5,9,7,6,0,9,3,5,4,2,0,5,3,13,3,6,3,3,2,4,2,2,1,4,2,10,3,5,0,4,1,3,0,2,2,4,3,8,6,2,1,6,0,5,4,1,0,2,1,12,2,5,0,1,0,2,1,4,1,1,1,3,0,1,1,1,0
Anastasija Sevastova,0,0,0,0,26,14,27,13,14,4,14,6,12,9,13,5,4,3,8,4,19,11,14,5,3,2,5,3,3,1,4,2,12,10,13,9,10,8,7,3,1,0,3,2,12,4,6,3,10,7,13,6,2,2,4,2,15,8,10,3,5,4,8,3,24,16,15,9,16,6,6,3,8,3,9,5
Vesna Manasieva,0,0,0,0,20,8,20,8,8,3,12,7,12,6,8,4,3,1,5,1,11,7,11,6,6,2,4,2,1,1,4,3,9,3,6,2,6,4,8,1,4,2,2,2,3,3,7,1,10,7,9,2,4,3,1,0,7,5,8,4,6,2,3,1,9,6,9,4,6,3,5,3,3,2,4,4
Sandra Zahlavova,7,6,7,2,14,9,14,5,9,3,9,5,5,4,5,2,3,2,4,1,10,2,8,3,1,0,2,1,2,2,3,2,3,1,6,2,8,4,4,0,1,1,1,1,1,1,6,5,6,2,6,2,5,5,0,0,2,0,9,5,9,6,2,1,14,9,12,3,9,4,9,4,5,1,3,1
Kaia Kanepi,5,1,5,2,88,55,82,43,55,36,39,17,33,19,43,21,36,19,22,9,38,21,39,19,14,6,21,12,19,13,13,5,38,22,29,14,23,14,28,17,8,4,12,6,28,21,20,9,30,17,25,8,13,4,23,7,24,10,26,13,17,8,24,10,53,29,48,29,29,12,19,11,24,14,29,19
Andrea Hlavackova,0,0,0,0,50,23,50,19,23,14,31,16,27,10,19,5,14,8,15,4,19,10,30,12,17,9,5,2,8,4,11,5,16,8,22,6,18,8,15,7,8,4,2,2,12,5,21,3,16,10,14,2,14,9,7,5,17,8,15,3,15,7,4,2,34,23,10,3,23,10,7,3,11,5,3,1
Alisa Kleybanova,5,2,4,0,11,5,11,5,5,5,6,0,6,5,5,2,5,3,6,4,5,3,3,0,1,1,2,2,3,1,2,1,5,3,7,2,3,1,0,0,0,0,2,1,5,3,6,4,3,2,2,2,2,1,1,0,4,3,4,2,2,1,3,1,9,3,5,2,3,0,3,0,6,4,2,1
Lesya Tsurenko,7,3,7,3,9,6,10,3,6,2,7,2,3,1,3,1,2,2,5,3,5,3,4,1,2,2,1,0,2,1,2,1,3,1,6,1,4,1,2,1,0,0,0,0,2,0,6,2,3,0,2,2,3,1,1,1,2,1,2,2,4,2,2,0,3,1,13,8,1,1,5,4,2,0,8,3
Vera Dushevina,0,0,0,0,44,16,44,16,16,7,28,13,28,11,16,7,7,2,15,3,20,12,22,10,17,9,7,3,2,1,12,3,17,8,15,5,17,7,14,2,8,3,3,1,9,6,13,7,16,6,17,7,13,8,4,1,9,6,17,7,18,8,10,7,20,12,17,5,12,6,12,3,8,3,5,1
Sorana Cirstea,12,9,11,6,76,39,77,42,39,21,35,13,37,18,42,16,21,11,22,7,36,14,39,18,19,13,16,7,11,6,15,6,24,11,28,14,35,14,27,11,6,5,7,4,16,11,20,4,27,15,30,10,26,15,14,6,20,10,24,14,27,13,18,9,49,34,49,13,34,15,36,16,15,7,13,3
Kristina Barrois,0,0,0,0,17,12,17,8,12,6,9,1,5,2,8,4,6,5,8,3,8,2,5,4,3,1,4,1,5,3,5,2,3,2,4,2,7,3,7,4,2,1,1,1,4,2,4,0,4,3,5,1,5,1,4,0,5,2,4,0,2,1,5,0,9,4,10,2,4,2,8,3,5,3,2,0
Denis Gremelmayr,4,2,5,0,14,8,14,4,8,5,10,2,6,1,4,0,5,4,8,4,4,3,6,2,5,1,0,0,4,2,4,1,4,3,8,4,2,1,2,2,3,3,0,0,5,3,5,3,2,1,4,2,4,3,2,0,3,2,5,2,4,1,4,0,3,3,10,4,3,2,6,1,0,0,4,1
Grigor DiMitrov,5,4,5,3,47,25,48,16,25,17,32,10,22,13,16,8,17,14,22,10,21,13,18,10,9,6,8,1,14,11,12,1,16,10,18,5,14,7,17,5,3,1,1,1,13,8,14,6,13,9,17,8,8,5,5,1,14,8,15,4,9,7,12,5,32,16,13,5,16,7,8,1,16,10,5,4
Eric Prodon,0,0,0,0,13,5,13,2,5,2,11,4,8,6,2,0,2,1,7,2,9,5,6,1,2,0,0,0,1,0,5,0,6,3,7,5,4,2,1,1,2,1,0,0,4,4,2,0,5,2,5,3,3,1,1,1,2,1,2,1,4,1,3,1,5,3,6,1,3,1,5,2,2,1,1,0
Arnaud Clement,25,13,27,13,87,62,85,33,62,35,52,18,25,15,33,15,35,24,34,13,42,30,36,10,10,5,15,10,24,12,21,6,41,25,39,14,17,10,15,8,5,3,10,3,37,18,31,13,26,16,21,9,10,6,15,4,35,18,25,10,16,9,20,8,43,27,49,17,27,16,32,17,16,6,16,6
Julian Reister,0,0,0,0,14,8,14,5,8,3,9,2,6,2,5,1,3,1,7,2,7,4,6,2,4,3,1,1,1,1,5,2,6,3,6,1,6,5,2,0,1,1,1,0,3,3,7,1,8,3,3,2,2,1,1,0,3,2,2,1,6,3,3,0,5,4,7,2,4,3,5,2,1,0,2,1
Edouard Roger-Vasselin,11,3,11,7,59,39,60,18,39,23,42,18,20,16,18,5,23,11,24,7,32,17,31,12,4,2,5,1,11,5,17,7,29,17,26,9,17,8,16,6,2,0,1,0,23,18,24,7,20,15,19,4,9,2,7,2,20,13,22,5,7,4,9,2,25,15,23,7,15,9,16,7,10,8,7,3
Lukas Rosol,44,29,46,11,126,84,124,44,84,51,80,22,42,32,44,16,51,30,58,17,65,41,50,13,10,6,16,8,30,20,41,9,62,37,54,15,30,22,21,6,4,2,8,6,47,26,48,9,47,28,30,11,10,5,8,2,49,29,28,11,24,11,17,6,67,46,37,16,46,25,21,5,21,15,16,6
Rui Machado,5,1,5,2,49,23,53,23,23,9,30,12,26,12,23,8,9,8,18,6,27,17,27,7,14,7,8,3,8,3,12,3,19,9,24,9,16,7,12,9,7,2,3,1,14,8,18,5,17,11,13,4,11,4,11,7,17,6,14,3,10,4,8,1,27,14,15,4,13,7,11,4,14,6,4,2
David Guez,8,5,8,4,19,7,20,8,7,6,12,4,12,7,8,5,6,5,8,3,8,3,7,2,5,2,5,2,5,3,5,2,4,2,8,1,7,3,5,1,3,3,2,1,4,4,9,2,5,4,5,2,7,3,2,0,4,2,5,3,4,2,4,2,7,3,6,2,3,2,4,0,4,2,2,1
Steve Darcis,13,11,13,2,76,54,76,32,54,36,44,13,22,13,32,10,36,18,31,12,31,23,35,9,9,5,10,4,18,12,19,5,41,22,38,12,13,7,15,7,4,3,4,2,28,20,31,8,26,21,20,8,9,8,9,1,29,21,20,5,13,7,16,7,18,11,25,11,11,10,14,3,7,2,11,3
Guillaume Rufin,5,2,5,1,88,45,87,28,45,25,59,10,43,26,28,12,25,17,49,14,46,27,26,4,17,10,12,2,17,12,35,10,35,22,36,12,29,20,14,4,7,6,2,2,27,13,34,5,33,20,22,13,15,9,4,2,34,21,14,3,22,14,15,7,61,34,23,15,34,18,8,3,27,18,15,6
Bjorn Phau,4,1,4,0,65,41,70,23,41,22,47,16,24,12,23,7,22,12,31,7,31,19,32,10,12,7,7,1,12,9,24,5,29,16,29,9,19,9,16,6,5,3,1,0,19,11,25,6,22,13,19,4,13,5,7,3,21,15,21,4,14,5,8,5,15,9,15,4,9,9,11,4,6,4,4,0
Augustin Gensse,0,0,0,0,18,8,19,6,8,4,13,6,10,7,6,1,4,2,7,1,11,7,11,5,3,1,1,0,2,2,6,0,9,4,7,2,5,2,6,2,2,1,0,0,4,2,5,3,7,5,6,2,4,2,2,0,7,5,7,3,4,2,4,0,5,5,10,3,5,4,7,2,0,0,3,2
Vincent Millot,5,3,6,4,24,14,25,12,14,6,13,7,10,7,12,4,6,2,6,2,15,6,15,4,3,2,4,2,2,1,4,1,10,5,13,5,11,8,6,2,1,1,2,2,6,3,9,3,13,7,9,5,4,0,2,0,10,4,7,3,6,2,7,3,16,8,21,8,8,5,13,8,8,5,8,2
Maxime Teixeira,6,2,5,2,36,19,36,11,19,10,25,10,17,12,11,3,10,5,15,7,21,13,18,9,5,2,3,1,5,3,8,2,18,10,16,6,10,6,11,3,3,1,1,0,12,8,12,6,14,6,14,7,5,4,4,4,10,5,13,7,12,6,7,5,26,14,18,8,14,6,10,4,12,7,8,3
Stephane Robert,8,5,8,2,48,21,48,15,21,10,33,13,27,12,15,5,10,3,20,8,23,12,23,6,15,9,5,3,3,2,11,1,19,14,25,8,20,8,8,2,6,2,3,0,15,9,18,5,13,7,14,5,14,8,5,2,13,9,14,5,14,7,8,4,21,15,18,7,15,9,11,4,6,4,7,2
Robert Kendrick,0,0,0,0,19,13,19,8,13,8,11,4,6,5,8,5,8,4,7,2,10,7,7,2,1,0,5,1,4,2,5,2,11,3,7,0,3,2,6,3,1,1,1,0,5,2,9,2,10,7,3,0,2,1,4,2,9,6,5,1,4,2,2,0,6,2,5,1,2,2,4,1,4,1,1,0
Ruben Ramirez Hidalgo,15,7,15,4,66,45,66,22,45,28,44,20,21,10,22,4,28,11,24,9,27,15,38,15,11,5,4,1,11,8,15,6,32,19,32,9,17,13,18,7,6,2,1,0,22,15,29,7,26,18,20,9,6,4,8,4,25,13,18,4,12,7,13,3,33,27,21,10,27,17,11,3,6,4,10,6
Albert Montanes,4,4,3,3,75,45,73,28,45,28,45,16,30,18,28,11,28,15,29,11,35,19,33,14,12,11,11,1,15,11,18,5,32,22,30,8,27,15,24,9,1,0,1,0,26,18,27,9,25,21,23,7,12,8,10,5,29,16,25,9,12,8,12,6,38,22,35,17,22,15,18,10,16,10,17,7
Go Soeda,9,3,10,2,49,33,48,9,33,14,39,21,16,7,9,2,14,10,18,8,26,21,28,8,9,3,2,1,10,6,10,3,25,14,28,9,8,4,9,3,6,2,1,0,18,13,22,8,15,8,15,6,6,3,4,2,13,10,17,4,10,4,8,3,10,7,13,4,7,5,9,2,3,1,4,2
Thiemo De Bakker,0,0,0,0,12,8,12,1,8,4,11,4,4,1,1,0,4,1,7,1,5,3,5,2,3,2,0,0,1,0,6,1,6,5,4,0,4,0,2,0,1,1,0,0,6,4,5,0,1,0,2,1,5,5,0,0,2,1,1,0,6,2,1,0,6,2,1,0,2,1,1,0,4,2,0,0
Pablo Andujar,15,8,17,6,49,30,52,18,30,19,34,10,19,10,18,12,19,9,24,10,21,9,16,3,9,4,12,4,9,4,14,6,19,12,23,8,16,8,11,3,5,1,4,1,17,6,21,8,15,7,16,8,9,5,6,4,18,14,16,9,13,8,10,3,22,10,30,12,10,5,18,5,12,5,12,3
Antonio Veic,0,0,0,0,33,18,34,14,18,4,20,8,15,6,14,4,4,2,12,5,20,9,18,7,9,4,4,2,2,2,7,0,11,6,16,5,15,6,9,4,5,3,2,1,6,3,11,4,11,7,10,7,12,3,5,3,10,8,7,3,7,3,9,5,9,4,15,5,4,4,10,6,5,4,5,3
Leonardo Mayer,28,21,29,10,77,49,77,20,49,33,57,16,28,11,20,5,33,19,41,12,27,18,31,9,17,13,5,0,19,13,29,11,32,22,34,10,22,10,14,4,4,1,0,0,28,20,35,9,20,13,20,9,13,9,4,3,21,14,20,9,16,12,10,3,34,18,31,9,18,12,22,8,16,9,9,2
Albert Ramos,11,8,11,2,64,39,68,18,39,24,50,19,25,15,18,8,24,13,31,11,30,19,29,11,10,3,8,2,13,9,20,6,30,15,29,8,14,7,17,5,7,2,2,2,19,10,27,8,22,8,20,7,9,3,5,1,17,11,21,7,17,9,11,6,35,19,21,7,19,7,14,5,16,8,7,3
Michael Berrer,19,10,20,9,68,37,67,21,37,20,46,18,31,21,21,11,20,14,28,10,38,28,28,10,10,3,11,6,14,9,18,7,34,24,28,5,13,4,15,5,7,7,6,5,29,14,30,18,14,9,15,5,16,9,6,2,24,13,28,9,14,8,9,3,40,21,27,12,21,12,15,4,19,12,12,4
Thomas Schoorel,0,0,0,0,13,10,14,5,10,5,9,4,3,1,5,2,5,3,5,2,6,2,7,4,2,0,2,0,3,2,3,0,4,2,5,1,4,3,6,0,2,1,0,0,3,2,4,2,5,3,7,1,2,2,0,0,4,4,8,2,4,2,1,0,5,4,6,2,4,1,4,1,1,0,2,0
Thomaz Bellucci,3,0,4,0,84,47,85,35,47,26,50,16,37,18,35,14,26,16,34,11,39,24,37,11,19,10,14,3,16,10,23,6,34,17,37,17,25,20,22,12,9,7,3,1,23,13,26,12,37,20,27,11,12,5,14,7,30,22,28,12,22,12,18,9,38,17,42,14,17,10,28,11,21,11,14,4
Shuai Zhang,0,0,0,0,9,4,9,5,4,2,4,1,5,3,5,3,2,1,3,0,5,4,3,0,2,1,3,1,1,0,3,1,5,2,3,0,2,1,2,0,1,0,1,1,3,2,4,2,4,2,2,1,1,1,0,0,3,1,3,1,3,2,1,1,5,1,1,0,1,1,1,0,4,1,0,0
Irina-Camelia Begu,0,0,0,0,48,27,49,21,27,20,28,19,21,9,21,11,20,14,9,2,16,6,29,7,12,7,11,6,14,7,7,2,12,7,24,9,17,10,12,4,5,1,6,4,14,11,17,6,15,10,17,4,8,5,6,2,13,8,19,5,10,5,8,3,22,13,20,10,13,7,10,7,9,6,10,7
Anna Tatishvili,11,8,11,3,47,23,48,15,23,11,33,13,24,14,15,8,11,8,20,9,26,18,20,8,10,4,8,2,8,5,11,8,21,5,21,9,12,3,14,8,6,3,2,0,8,4,20,11,19,9,15,8,12,3,10,6,13,5,18,10,13,7,12,8,27,17,36,18,17,10,18,11,10,5,18,7
Casey Dellacqua,0,0,0,0,44,25,45,17,25,16,28,10,19,7,17,9,16,6,19,9,16,8,17,6,12,7,9,3,6,4,10,2,18,6,20,6,15,10,12,3,5,2,3,3,8,5,16,9,22,8,15,6,7,4,3,1,11,7,18,7,18,11,8,5,33,15,17,8,15,7,9,2,18,10,8,3
Renata Voracova,0,0,0,0,9,4,9,4,4,2,5,1,5,3,4,1,2,2,4,1,5,2,4,1,2,2,1,0,2,2,3,2,2,1,4,1,5,2,2,1,0,0,0,0,1,1,5,2,3,1,2,1,3,2,1,1,1,1,3,2,4,2,1,1,2,0,3,0,0,0,3,1,2,0,0,0
Olivia Sanchez,0,0,0,0,7,3,6,2,3,1,4,1,4,3,2,1,1,0,3,0,5,1,2,0,1,1,1,0,0,0,3,1,2,1,2,1,5,2,1,0,0,0,0,0,1,1,2,1,3,1,2,0,3,2,0,0,1,0,3,0,4,1,0,0,7,2,0,0,2,0,0,0,5,3,0,0
Patty Schnyder,0,0,0,0,8,3,8,4,3,0,4,2,5,1,4,2,0,0,2,1,4,0,4,4,4,1,2,1,0,0,1,1,0,0,1,0,5,3,5,3,3,1,1,0,0,0,2,0,3,2,2,1,3,0,4,0,2,0,1,0,1,0,5,1,7,6,5,2,6,2,3,0,1,1,2,1
Greta Arn,0,0,0,0,39,19,42,15,19,7,27,9,20,11,15,6,7,4,18,9,23,9,18,5,9,5,6,3,4,1,9,6,12,4,22,9,19,9,8,3,4,2,3,1,7,5,19,8,17,8,14,6,12,7,5,0,10,4,16,4,16,10,11,8,34,22,13,5,22,10,8,1,12,6,5,0
Iryna Bremond,0,0,0,0,26,11,26,9,11,5,17,7,15,8,9,4,5,2,10,2,14,9,12,4,7,4,4,4,2,2,8,5,12,4,10,5,9,4,4,2,3,1,4,2,4,3,10,3,12,5,7,4,6,6,4,4,6,3,6,3,13,4,4,4,9,8,6,2,8,7,4,1,1,1,2,0
Kristina Mladenovic,0,0,0,0,39,19,39,18,19,14,21,6,20,12,18,6,14,9,15,7,17,8,18,9,8,5,6,3,9,6,8,2,13,6,16,10,14,4,12,7,3,2,3,3,9,6,8,3,11,7,15,8,12,7,7,1,10,4,10,3,11,5,14,5,16,7,24,13,7,4,11,6,9,2,13,7
Patricia Mayr-Achleitner,0,0,0,0,7,3,8,2,3,1,6,3,4,1,2,1,1,0,3,0,3,0,4,1,3,3,1,0,0,0,3,1,1,1,3,2,6,3,2,0,0,0,0,0,1,1,2,1,3,2,4,0,3,1,0,0,2,1,5,1,2,0,0,0,1,1,3,1,1,1,2,1,0,0,1,0
Olga Govortsova,4,3,4,4,38,18,37,14,18,10,23,12,20,6,14,5,10,7,11,3,14,7,21,4,14,6,5,2,7,4,8,3,10,4,20,8,13,5,7,0,8,4,2,0,7,1,15,3,11,4,15,5,12,6,2,2,10,4,13,9,13,6,5,2,20,7,23,11,7,4,12,4,13,5,11,4
Lucie Hradecka,13,3,14,3,47,21,49,13,21,17,36,18,26,17,13,3,17,10,18,5,21,14,28,14,9,3,3,2,10,8,13,5,21,13,19,7,10,6,15,5,6,4,2,0,15,6,17,4,14,8,17,5,8,3,7,4,17,7,16,5,9,6,8,0,28,19,23,8,19,10,15,3,9,3,8,1
Yung-Jan Chan,5,3,6,1,20,9,19,4,9,6,15,4,11,6,4,3,6,5,11,3,9,4,5,3,5,2,3,0,5,3,8,4,5,2,5,1,7,7,6,2,3,2,0,0,4,2,8,5,10,5,5,3,2,0,2,1,7,3,7,4,5,1,4,2,11,6,13,5,6,2,8,4,5,2,5,2
Benjamin Becker,11,8,12,1,49,33,48,18,33,22,30,11,16,4,18,11,22,19,19,8,15,12,18,8,12,10,11,2,19,14,11,1,15,11,18,3,13,6,17,7,2,0,2,0,16,6,16,5,10,6,13,3,7,2,9,3,16,11,15,10,6,5,9,3,15,7,32,11,7,4,21,9,8,2,11,4
Josh Goodall,5,2,5,1,21,13,20,4,13,7,16,7,8,5,4,1,7,5,9,3,11,8,10,3,3,3,1,0,5,5,6,1,10,8,10,2,6,3,4,2,0,0,0,0,8,4,9,0,5,3,4,0,3,2,2,1,7,6,4,0,4,3,1,0,9,5,1,1,5,3,0,0,4,3,1,1
Paul-Henri Mathieu,20,14,19,6,132,83,131,44,83,53,87,38,49,29,44,14,53,36,49,16,59,43,68,24,20,12,14,7,36,27,33,9,60,47,60,23,28,16,31,12,8,6,7,2,56,44,46,14,29,18,42,16,18,10,17,6,30,23,40,9,21,10,27,9,37,23,46,12,23,14,34,12,14,11,12,5
Oliver Golding,14,6,13,5,22,18,21,8,18,12,13,4,4,3,8,2,12,7,9,0,9,8,10,2,1,1,2,0,7,4,9,3,13,7,8,2,2,2,4,1,0,0,0,0,10,8,9,5,8,6,5,1,0,0,1,0,8,5,9,2,2,0,2,2,12,7,3,1,7,3,2,1,5,5,1,1
Dustin Brown,6,5,6,0,16,9,16,7,9,5,9,3,7,7,7,2,5,2,6,3,11,5,8,0,0,0,2,0,2,2,3,0,8,5,11,4,6,4,2,1,0,0,0,0,5,2,7,3,7,7,5,1,2,1,1,0,10,6,7,1,1,1,2,0,9,7,4,0,7,4,4,1,2,1,0,0
Jamie Baker,4,1,4,0,17,8,17,5,8,7,12,6,9,5,5,1,7,2,6,4,6,4,10,3,4,3,1,0,2,2,2,0,9,6,11,6,5,3,4,0,1,1,0,0,6,3,5,3,6,4,10,3,3,3,0,0,7,7,10,5,5,3,3,0,4,4,15,2,4,3,13,5,0,0,2,0
David Goffin,25,16,23,10,107,72,109,40,72,42,69,22,35,19,40,19,42,32,47,13,49,31,43,14,16,6,19,7,32,20,34,5,41,22,42,21,24,18,26,10,10,6,7,1,34,23,26,8,37,28,37,14,12,7,16,3,39,23,31,9,16,10,27,9,54,34,59,26,34,18,33,14,20,12,26,8
Ruben Bemelmans,0,0,0,0,14,6,15,5,6,3,10,0,8,5,5,2,3,1,10,5,8,5,3,1,3,1,2,0,1,0,5,1,7,4,7,0,4,3,3,1,2,2,0,0,5,3,8,2,6,5,2,1,3,1,1,1,7,3,3,0,2,0,1,1,5,4,0,0,4,3,0,0,1,0,0,0
Kenny De Schepper,4,1,4,0,15,6,15,5,6,4,10,3,9,6,5,0,4,3,7,1,8,4,8,3,3,2,0,0,3,2,6,1,5,5,6,4,6,2,3,0,1,0,0,0,6,6,3,0,2,2,7,1,4,2,0,0,2,0,6,0,2,2,1,0,5,4,4,2,4,4,2,1,1,1,2,0
Jerzy Janowicz,6,5,6,0,25,18,25,11,18,9,14,7,7,4,11,5,9,6,7,2,13,10,13,5,3,2,5,0,6,3,5,2,13,9,10,3,5,3,10,2,1,1,0,0,12,9,9,1,7,7,11,4,3,1,2,0,10,6,8,3,1,1,6,3,6,5,13,2,5,5,11,5,1,1,2,0
Brian Baker,21,17,21,8,99,58,96,31,58,44,65,21,41,23,31,15,44,26,44,14,37,30,37,11,18,11,15,4,26,14,30,13,48,32,40,15,18,9,22,8,7,6,4,3,44,31,38,16,25,17,29,8,15,7,9,4,30,13,37,14,15,7,13,7,48,33,34,13,33,19,21,6,15,10,13,5
Lesia Tsurenko,0,0,0,0,26,16,27,14,16,6,13,6,10,3,14,4,6,4,7,4,13,6,16,8,7,1,4,2,4,0,3,0,8,7,12,4,8,2,10,5,6,4,2,0,11,7,8,2,3,3,9,4,10,3,7,3,7,1,7,4,3,0,8,6,9,3,11,7,3,1,4,2,6,1,7,4
Jamie Lee Hampton,4,4,4,3,19,14,20,8,14,8,12,4,5,4,8,2,8,6,8,4,10,3,10,4,1,1,2,2,6,4,4,0,5,4,10,3,8,3,4,3,0,0,2,1,6,2,7,5,4,3,4,3,5,3,4,3,7,4,6,2,4,3,4,1,14,4,10,3,4,1,7,3,10,5,3,1
Maria Elena Camerin,0,0,0,0,7,2,7,2,2,1,5,3,5,1,2,1,1,0,2,0,2,0,4,1,4,2,1,0,0,0,2,2,1,0,3,1,4,0,2,1,2,2,0,0,0,0,4,2,1,0,2,1,6,3,1,1,0,0,3,0,4,2,1,0,8,6,1,0,6,1,1,0,2,1,0,0
Karin Knapp,0,0,0,0,13,4,13,5,4,2,8,4,9,6,5,1,2,1,4,1,8,5,8,4,3,2,1,1,1,0,3,2,6,4,5,0,5,3,4,1,1,0,1,0,5,3,7,3,5,3,3,0,2,2,2,0,5,3,6,3,4,1,2,1,6,4,18,7,4,2,11,8,2,1,7,1
Jana Cepelova,14,6,14,8,26,11,25,11,11,6,14,7,15,8,11,3,6,3,7,4,13,6,15,8,7,4,3,3,3,0,3,1,9,5,11,1,11,5,8,4,3,3,3,2,8,5,11,6,9,5,5,2,9,7,5,4,8,6,9,3,11,7,3,1,18,10,17,6,10,5,11,7,8,4,6,1
Su-Wei Hsieh,0,0,0,0,9,6,8,2,6,2,6,2,3,2,2,1,2,0,4,1,6,3,3,2,1,1,1,0,0,0,3,0,5,2,2,1,4,3,3,1,0,0,0,0,2,1,1,0,6,3,3,3,1,1,1,0,4,1,0,0,4,1,4,2,5,1,3,0,1,1,3,1,4,1,0,0
Camila Giorgi,7,6,7,2,20,15,18,7,15,8,11,9,5,2,7,4,8,5,2,1,9,3,12,3,3,2,4,1,5,3,1,0,6,4,10,3,8,5,6,2,1,1,1,0,6,4,7,2,7,4,7,4,4,3,3,0,6,3,5,1,6,4,7,3,12,5,9,3,5,3,6,2,7,3,3,1
Yaroslava Shvedova,0,0,0,0,76,43,76,41,43,27,35,18,33,20,41,17,27,18,17,9,36,19,42,17,13,6,17,8,18,14,8,2,28,18,34,21,23,14,26,7,7,4,8,7,22,12,15,6,24,15,40,19,13,6,8,1,25,15,27,12,15,10,26,11,36,25,56,31,25,16,25,14,11,7,31,16
Guido Andreozzi,0,0,0,0,12,9,13,6,9,8,7,1,3,2,6,0,8,3,6,1,3,2,7,0,1,1,0,0,3,3,5,1,7,3,8,0,2,0,0,0,0,0,0,0,3,1,9,2,4,1,0,0,2,0,0,0,3,1,2,1,3,2,0,0,14,9,3,0,9,2,3,2,5,3,0,0
Bradley Klahn,0,0,0,0,39,21,39,16,21,9,23,11,18,14,16,8,9,7,12,7,26,13,19,6,4,1,8,2,7,4,5,0,15,9,20,8,14,13,12,4,3,2,2,2,12,7,12,3,19,10,16,2,3,1,4,2,15,10,17,6,10,4,4,0,27,16,18,6,16,6,12,6,11,8,6,4
Rhyne Williams,0,0,0,0,14,9,15,4,9,7,11,5,5,1,4,2,7,5,6,1,3,3,7,0,4,3,2,0,5,3,5,0,5,3,8,1,3,0,2,1,1,0,0,0,5,5,7,2,2,2,2,0,3,2,1,0,2,1,4,1,2,2,1,0,4,3,2,0,3,2,2,0,1,0,0,0
Jesse Levine,0,0,0,0,37,20,37,8,20,14,29,9,17,11,8,3,14,9,20,8,17,12,14,5,6,2,3,2,9,6,12,5,17,9,17,4,7,2,6,4,4,3,2,1,12,5,18,3,10,5,6,2,8,7,5,2,12,7,7,0,12,7,5,2,20,12,6,2,12,7,4,1,8,3,2,0
Paolo Lorenzi,0,0,0,0,35,16,35,8,16,6,28,11,19,14,8,1,6,5,17,3,24,6,18,3,5,2,1,0,5,5,14,7,7,3,18,5,20,9,4,3,3,0,0,0,3,2,20,9,13,5,6,2,11,4,3,0,6,3,13,4,12,5,5,1,13,5,21,10,5,2,11,6,8,2,10,3
Jimmy Wang,0,0,0,0,20,9,20,5,9,8,15,4,11,4,5,2,8,5,11,7,5,3,7,3,7,3,2,0,5,3,4,1,6,2,11,4,5,3,5,1,4,1,0,0,4,3,8,4,7,4,8,4,3,1,1,1,5,3,8,4,4,4,4,4,8,5,9,4,5,4,5,1,3,1,4,0
Jurgen Zopp,5,3,6,1,41,25,44,11,25,17,33,6,16,9,11,1,17,12,27,8,17,12,16,4,7,3,1,1,12,8,19,5,17,9,20,4,8,4,4,2,4,2,1,1,13,6,21,8,12,7,6,1,6,4,2,0,14,11,13,3,9,5,3,0,10,5,14,5,5,4,9,4,5,1,5,1
Daniel Brands,0,0,0,0,25,17,26,11,17,7,15,3,8,5,11,2,7,4,12,1,15,7,12,6,3,1,2,0,4,3,11,4,10,5,7,1,9,6,8,1,2,1,0,0,6,4,10,1,11,7,8,0,4,3,1,1,9,4,9,1,7,6,0,0,24,16,1,1,16,10,0,0,8,7,1,1
Tim Smyczek,0,0,0,0,13,3,13,4,3,1,9,6,10,6,4,0,1,0,3,0,8,5,10,2,4,2,0,0,0,0,3,1,6,3,8,3,5,3,2,1,2,0,0,0,3,3,6,2,6,2,4,0,2,1,1,1,2,1,6,1,5,4,0,0,9,4,1,0,4,3,1,0,5,3,0,0
Martin Klizan,6,3,6,2,66,47,66,19,47,24,47,14,19,13,19,8,24,17,33,11,36,25,25,9,6,4,8,5,17,12,22,8,32,15,27,14,15,8,12,8,2,2,5,1,20,11,21,6,25,16,18,7,9,8,12,7,25,16,17,4,17,7,12,3,30,18,31,17,18,10,14,6,12,6,17,5
Igor Sijsling,13,9,13,3,14,5,15,5,5,3,10,3,9,6,5,1,3,2,7,1,8,5,7,2,3,0,1,1,2,1,6,1,6,3,6,1,3,1,2,0,3,3,1,0,4,2,6,0,4,4,3,1,5,2,1,0,6,3,2,1,2,2,2,1,8,5,2,0,5,4,2,0,3,2,0,0
Dennis Novikov,4,0,4,1,22,13,21,7,13,9,14,5,9,5,7,1,9,6,9,2,9,5,11,4,4,2,1,1,6,2,7,1,8,5,9,4,6,5,4,0,2,2,1,0,9,7,6,0,8,6,8,6,3,0,1,0,8,5,2,1,2,2,7,1,10,6,21,13,6,4,8,3,4,3,13,2
Rogerio Dutra Silva,0,0,0,0,25,15,27,3,15,8,24,4,10,4,3,0,8,5,20,4,11,6,7,3,6,3,0,0,5,4,16,3,9,5,8,3,8,4,3,1,3,3,0,0,6,4,8,0,8,5,5,0,7,6,1,0,7,4,5,1,9,4,1,0,17,9,2,0,9,4,2,0,8,5,0,0
Victoria Duval,0,0,0,0,8,4,8,2,4,3,6,2,4,1,2,1,3,0,4,1,2,2,3,0,3,1,1,1,0,0,3,1,5,3,4,0,1,0,0,0,2,2,1,1,3,1,5,0,2,1,0,0,3,0,0,0,3,0,0,0,1,0,0,0,4,3,0,0,3,2,0,0,1,0,0,0
Jamie Hampton,6,5,6,0,18,9,16,4,9,5,12,4,9,5,4,1,5,3,8,2,9,5,7,2,4,2,1,0,3,1,6,2,7,7,7,1,6,4,3,1,2,0,0,0,9,6,8,3,4,1,3,1,2,0,1,0,4,1,5,1,3,2,2,1,11,3,4,1,3,1,3,1,8,4,1,0
Elina Svitolina,0,0,0,0,9,4,8,0,4,1,8,2,5,4,0,0,1,1,6,2,7,4,2,0,1,0,0,0,1,0,4,3,4,1,4,0,3,2,0,0,1,0,0,0,2,1,7,1,5,3,0,0,1,0,0,0,4,2,1,1,2,2,0,0,5,2,2,0,2,2,2,1,3,1,0,0
Kiki Bertens,0,0,0,0,29,15,28,10,15,8,18,10,14,8,10,5,8,3,8,5,15,7,15,7,6,4,5,3,3,2,3,2,12,8,13,5,12,8,9,3,2,1,3,3,9,5,10,4,12,7,11,5,5,4,3,0,11,7,10,3,9,3,8,3,19,11,14,7,11,5,7,4,8,6,7,5
Olga Puchkova,11,4,10,5,23,10,24,7,10,3,17,9,13,9,7,2,3,2,8,5,16,8,14,4,4,3,2,0,2,2,3,2,9,6,15,8,11,5,6,3,1,1,0,0,6,0,9,3,8,3,11,5,7,1,3,1,9,4,9,4,6,2,7,5,9,6,8,5,6,4,3,1,3,0,5,4
Garbine Muguruza,7,5,7,3,15,10,13,5,10,4,8,2,5,1,5,2,4,2,6,1,7,2,5,1,4,1,2,1,2,2,5,4,4,2,5,2,6,1,2,1,3,1,1,1,2,1,7,2,3,2,3,3,6,2,1,1,3,2,2,1,3,1,3,0,2,1,7,4,1,1,3,1,1,0,4,2
Nina Bratchikova,0,0,0,0,42,21,43,18,21,11,25,9,21,10,18,7,11,10,16,9,20,12,20,7,11,5,7,3,10,8,7,1,13,6,22,6,13,7,11,5,6,2,3,0,8,4,17,8,14,8,12,4,8,5,8,4,12,5,16,5,11,4,8,0,23,11,16,7,11,5,9,1,12,6,7,5
Edina Gallovits-Hall,0,0,0,0,7,3,8,4,3,1,4,2,4,2,4,0,1,0,2,1,4,2,6,4,2,1,0,0,0,0,1,0,3,1,3,0,3,1,4,2,1,0,0,0,1,1,3,0,3,1,2,1,2,1,2,0,1,1,1,0,3,2,3,0,5,4,8,1,4,1,7,4,1,0,1,0
Mallory Burdette,0,0,0,0,16,12,16,9,12,7,7,2,4,3,9,2,7,5,5,1,8,1,9,4,1,0,2,2,5,5,4,2,3,2,6,1,7,1,4,2,1,1,2,0,2,2,7,2,2,1,3,1,7,5,4,0,1,0,4,2,6,2,5,2,7,4,6,3,4,3,3,0,3,3,3,2
Tatjana Malek,0,0,0,0,15,12,15,6,12,5,9,3,3,2,6,1,5,4,6,3,9,3,8,2,1,1,1,0,4,2,3,2,4,3,9,5,7,3,3,1,0,0,0,0,5,2,6,3,4,2,7,3,4,2,1,0,5,3,7,5,4,3,4,3,8,4,18,7,4,2,11,6,4,1,7,1
Lara Arruabarrena-Vecino,0,0,0,0,9,5,9,2,5,2,7,3,4,2,2,1,2,2,4,1,5,1,4,1,2,1,1,1,2,1,3,0,1,1,4,3,5,3,1,0,1,0,1,0,2,0,1,0,3,2,4,1,2,0,1,1,4,2,3,1,1,1,1,0,6,4,9,5,4,2,4,2,2,1,5,0
Mandy Minella,0,0,0,0,9,3,9,5,3,2,4,3,6,2,5,2,2,1,1,0,3,2,6,1,4,3,2,1,1,0,1,0,3,0,5,3,4,0,2,1,1,1,1,1,1,1,2,1,3,0,4,2,5,2,1,0,0,0,3,2,5,2,3,1,3,1,10,2,1,1,8,5,2,1,2,1
Cedrik-Marcel Stebe,0,0,0,0,39,15,37,11,15,9,26,11,24,13,11,2,9,4,15,4,19,14,20,8,11,6,2,0,4,4,11,4,19,11,16,4,11,8,10,6,5,2,0,0,11,6,16,6,16,9,8,3,5,2,6,3,14,6,11,5,9,3,6,3,28,13,16,5,13,8,11,4,15,12,5,1
James Duckworth,6,4,6,1,35,22,33,14,22,12,19,2,13,9,14,6,12,8,17,8,19,12,10,3,4,3,6,4,8,2,9,3,16,12,15,4,10,7,5,2,1,1,4,1,18,11,14,4,11,7,7,2,4,3,5,2,14,10,9,1,7,6,5,4,17,9,2,0,9,6,2,0,8,4,0,0
Danai Udomchoke,6,4,6,3,23,15,22,8,15,10,14,5,8,3,8,2,10,5,9,1,8,5,11,4,5,2,2,1,5,3,8,1,10,4,8,4,5,3,5,3,3,1,1,0,6,4,5,0,9,4,6,0,3,1,4,2,6,4,6,3,6,1,2,0,4,3,9,4,3,2,5,3,1,0,4,3
Greg Jones,0,0,0,0,20,10,19,5,10,7,14,4,10,3,5,2,7,4,10,1,6,4,7,4,7,4,2,2,4,1,9,0,7,4,4,0,6,2,4,2,3,2,2,1,7,6,4,3,5,4,2,0,6,3,3,3,5,4,5,1,4,3,0,0,7,2,1,0,2,1,1,0,5,2,0,0
Alexander Kudryavtsev,0,0,0,0,14,4,14,4,4,1,10,3,10,5,4,1,1,1,7,2,8,3,6,0,5,2,1,0,1,1,5,0,3,2,8,4,7,4,1,0,3,2,0,0,2,1,4,1,5,4,5,1,5,1,0,0,5,3,5,3,2,2,1,1,7,4,8,3,4,3,5,2,3,2,3,0
Benjamin Mitchell,4,1,4,0,16,7,16,5,7,6,11,2,9,6,5,2,6,4,9,1,7,5,5,0,3,3,2,2,4,3,8,2,7,4,6,4,5,2,0,0,0,0,2,0,5,4,4,2,5,2,4,1,3,2,2,1,3,2,5,1,5,3,2,0,5,5,5,0,5,4,5,2,0,0,0,0
Alex Kuznetsov,0,0,0,0,12,5,12,1,5,2,11,4,7,5,1,1,2,2,7,1,8,3,4,4,2,0,1,0,2,0,6,1,3,3,1,0,5,2,5,1,2,1,0,0,5,1,2,0,2,1,4,0,4,2,1,0,5,4,4,0,3,1,1,0,4,3,1,0,3,1,1,0,1,0,0,0
Ashleigh Barty,5,3,6,1,18,10,17,6,10,6,11,5,8,3,6,3,6,3,6,1,7,3,8,2,5,4,3,1,3,1,5,2,6,2,7,4,8,3,4,1,1,1,1,0,4,0,5,1,7,4,7,1,6,2,2,2,8,4,7,3,5,1,1,0,7,4,5,2,4,3,3,0,3,1,2,1
Maria Joao Koehler,0,0,0,0,9,5,10,3,5,2,7,3,4,2,3,2,2,1,4,1,5,3,4,0,2,0,2,0,1,0,3,2,4,4,5,1,2,1,2,0,2,1,0,0,5,2,6,3,1,1,3,1,2,1,0,0,4,2,5,2,1,0,1,0,4,2,3,0,2,2,3,0,2,2,0,0
Bojana Bobusic,0,0,0,0,8,4,8,3,4,1,5,1,4,2,3,2,1,1,4,1,5,4,2,0,2,1,2,0,1,1,3,1,4,1,3,0,2,1,2,2,1,0,0,0,1,1,4,3,4,3,0,0,1,1,2,0,3,2,3,0,2,0,2,0,2,0,3,1,0,0,2,0,2,1,1,0
Marina Erakovic,6,3,5,1,16,7,14,8,7,3,6,3,9,2,8,3,3,2,3,1,6,3,8,3,7,6,3,2,2,1,2,1,4,3,6,2,9,3,4,1,1,0,2,0,4,0,5,2,4,2,5,2,6,4,3,1,6,3,5,3,6,3,4,1,9,8,11,5,8,6,6,3,1,1,5,3
Kai-Chen Chang,0,0,0,0,9,4,9,5,4,0,4,2,5,3,5,1,0,0,2,1,7,4,6,1,2,2,1,0,0,0,1,0,4,3,6,3,5,4,2,0,0,0,0,0,3,0,3,1,5,2,5,1,1,0,0,0,5,2,5,1,3,1,1,1,9,5,2,1,5,2,1,1,4,2,1,1
Paula Ormaechea,0,0,0,0,14,3,15,4,3,3,11,2,11,5,4,4,3,2,9,4,5,3,2,1,6,4,4,0,2,1,4,2,4,3,5,2,6,3,5,1,2,1,0,0,4,3,5,2,4,2,6,2,4,1,1,0,3,2,6,1,3,1,3,2,5,3,6,2,3,1,4,3,2,1,2,1
Mischa Zverev,5,4,5,3,20,9,20,8,9,4,12,6,11,3,8,4,4,3,6,4,8,5,10,4,8,4,4,2,3,1,2,0,6,3,10,4,7,2,6,3,4,3,2,1,5,4,6,2,5,3,7,2,8,6,4,2,4,1,7,2,8,5,4,0,12,6,10,5,6,5,5,1,6,3,5,2
Nicolas Devilder,6,4,6,3,26,14,27,11,14,9,16,5,12,6,11,3,9,4,11,1,11,4,13,5,6,3,3,2,4,4,10,6,9,8,9,3,10,6,6,2,3,2,2,0,8,4,12,4,7,3,7,4,6,2,4,4,7,5,7,0,6,5,4,1,9,5,9,2,5,4,7,5,4,1,2,1
Adrian Ungur,7,6,7,2,18,12,20,4,12,8,16,3,6,4,4,0,8,6,13,3,8,6,7,2,2,2,0,0,6,5,10,2,8,5,8,4,4,3,2,1,0,0,0,0,6,3,6,3,6,2,5,1,1,1,1,0,5,2,7,3,5,3,2,0,11,5,11,3,5,4,8,3,6,4,3,0
Alberta Brianti,7,4,7,4,15,3,15,6,3,1,9,6,12,5,6,3,1,0,3,0,7,3,9,5,7,4,3,2,0,0,3,1,4,2,4,1,8,4,6,3,3,1,2,1,2,2,4,1,6,2,4,2,5,2,4,3,2,1,3,2,6,4,3,2,6,3,8,2,3,3,6,3,3,1,2,0
Dinah Pfizenmaier,0,0,0,0,11,8,11,3,8,3,8,4,3,2,3,2,3,1,4,1,7,3,5,1,1,1,2,1,1,1,3,0,5,2,5,3,5,2,2,0,0,0,1,0,2,2,2,0,5,4,5,1,3,2,1,1,3,2,4,1,3,0,1,0,5,1,3,1,2,0,2,0,4,2,1,0
A. Medina Garrigues,0,0,0,0,25,12,22,15,12,7,7,3,13,8,15,6,7,4,4,1,13,6,12,6,5,4,6,4,4,1,3,0,9,6,7,4,11,5,8,2,1,1,4,3,9,4,3,1,8,5,10,4,7,4,3,1,10,5,7,4,7,4,6,4,19,14,7,2,14,7,5,1,5,3,2,2
Karolina Pliskova,0,0,0,0,9,6,9,5,6,3,4,0,3,1,5,2,3,1,4,2,4,2,3,0,2,1,2,1,1,1,2,0,4,3,5,2,3,1,1,0,1,0,1,0,3,3,3,1,2,2,3,3,2,1,1,0,2,1,1,1,1,0,4,0,3,1,8,2,1,0,6,2,2,1,2,1
Urszula Radwanska,0,0,0,0,18,12,17,7,12,5,10,5,6,3,7,0,5,3,5,0,10,7,12,6,3,0,0,0,3,1,5,3,9,6,6,2,3,0,6,2,3,2,0,0,8,6,7,5,3,1,6,1,5,2,2,0,3,2,10,3,4,3,3,1,9,7,11,6,7,3,5,3,2,1,6,3
Victoria Larriere,0,0,0,0,7,2,8,2,2,0,6,1,5,2,2,0,0,0,5,2,4,1,3,1,3,3,0,0,0,0,3,0,1,0,4,2,6,3,1,0,0,0,0,0,0,0,2,1,4,1,3,1,3,2,0,0,1,0,3,1,5,1,1,1,4,2,6,2,2,2,4,3,2,2,2,0
Alexandra Cadantu,0,0,0,0,6,2,6,2,2,1,4,2,4,1,2,0,1,0,2,0,2,0,4,1,3,1,0,0,0,0,2,1,1,0,3,1,3,0,1,1,2,1,0,0,0,0,3,1,1,0,1,0,4,1,1,0,0,0,2,0,2,1,1,0,1,0,2,1,0,0,1,0,1,0,1,0
Alexa Glatch,0,0,0,0,8,3,8,2,3,2,6,1,5,3,2,2,2,1,5,1,4,1,1,1,2,0,2,1,1,0,4,1,2,1,1,1,3,0,2,0,2,1,1,0,2,1,1,0,1,0,3,0,4,1,1,1,1,1,3,2,2,1,0,0,1,0,2,1,0,0,1,0,1,0,1,1
Irena Pavlovic,0,0,0,0,8,1,9,4,1,0,5,2,7,5,4,1,0,0,3,2,6,2,5,2,2,1,1,1,0,0,1,1,2,1,5,2,5,3,2,1,1,0,1,0,1,1,4,2,4,1,3,2,2,2,2,1,1,0,3,1,5,1,3,0,2,1,4,2,1,1,2,0,1,0,2,2
Claire Feuerstein,0,0,0,0,15,6,15,6,6,5,9,3,9,5,6,3,5,2,6,1,6,3,6,3,4,2,3,1,2,2,5,1,6,5,4,2,5,2,5,2,2,2,1,0,5,4,3,1,3,3,5,1,5,1,3,2,4,2,5,2,1,1,2,2,4,2,4,1,2,2,3,1,2,1,1,0
